id,sentiment
1551120166779592704,Negative
1549494367626428416,Negative
1548657667777896448,Neutral
1547576864566194176,Positive
1547531228739403776,Positive
1544310658837225472,Positive
1544238863387852800,Neutral
1544152763927613440,Neutral
1541502775481274368,Neutral
1538419904554188800,Negative
1538055467007623168,Negative
1537356788093313024,Neutral
1536645356229902336,Positive
1536283549170642944,Positive
1536283505495265280,Positive
1536283100551970816,Negative
1533782304442679296,Neutral
1533387350360920064,Positive
1532856775149502464,Positive
1532793382401081344,Positive
1532618632680951808,Positive
1532420117056868352,Positive
1532398714773458944,Positive
1532396640144859136,Positive
1532385295559184384,Positive
1529728470225502208,Neutral
1529165772987191296,Neutral
1529152334613315584,Neutral
1529121093667151872,Neutral
1529117931036151808,Neutral
1529109977893421056,Neutral
1529109073072889856,Neutral
1529086725443706880,Neutral
1529081125787811840,Neutral
1527397177642954752,Positive
1527390285495517184,Negative
1527274911756128256,Positive
1527274885126402048,Positive
1526687114938658816,Neutral
1526546224651845632,Positive
1524817855665033216,Negative
1522555266478358528,Neutral
1520196508414578688,Neutral
1520194945570816000,Neutral
1519214791939796992,Positive
1516720394270556160,Positive
1515765260526964736,Negative
1514656813161066496,Neutral
1513290532700708864,Neutral
1513235322980737024,Neutral
1513165141566763008,Neutral
1513149445931683840,Neutral
1513146389005541376,Neutral
1513146286740230144,Neutral
1513146237725335552,Neutral
1513130289987530752,Neutral
1513119632407896064,Neutral
1513102522025664512,Neutral
1512837950828130304,Neutral
1512805426202566656,Neutral
1512804650814214144,Neutral
1512801163456008192,Neutral
1512797200077762560,Neutral
1512796723554439168,Neutral
1512562872072683520,Neutral
1512062626141925376,Negative
1511799427538710528,Positive
1511792283766697984,Positive
1511392511016718336,Positive
1511367216469622784,Positive
1511280699319406592,Neutral
1506772007987392512,Negative
1505950728111947776,Negative
1505573218727432192,Neutral
1505544928436310016,Neutral
1504466373296238592,Positive
1504447591576215552,Positive
1504444806960979968,Positive
1504170656052793344,Positive
1503746958846042112,Neutral
1503141868284039168,Negative
1503137142222082048,Negative
1503136068819992576,Negative
1502263655508987904,Neutral
1502178315062317056,Neutral
1501961953073377280,Neutral
1501852111973359616,Neutral
1501848761567481856,Neutral
1501836959727165440,Neutral
1501836117104078848,Neutral
1501795504618979328,Neutral
1501737552013066240,Neutral
1501680548409921536,Neutral
1501677919525126144,Neutral
1501676246463356928,Neutral
1501628840250163200,Neutral
1501621510754160640,Neutral
1501616645206417408,Neutral
1501616538427744256,Neutral
1501616466155773952,Neutral
1501614730879848448,Neutral
1501613951683112960,Neutral
1501613632244928512,Neutral
1501598510633861120,Neutral
1501597790094381056,Neutral
1501596721276727296,Neutral
1501583344294891520,Neutral
1501578719307214848,Neutral
1501576613699407872,Neutral
1501575162042499072,Neutral
1501572992656154624,Neutral
1501571999835041792,Neutral
1501560912809021440,Neutral
1501559361839243264,Neutral
1501556864085020672,Neutral
1501556854685642752,Neutral
1501555019929247744,Neutral
1501541040611811328,Neutral
1501538090237706240,Neutral
1501532023378386944,Neutral
1501522984313491456,Neutral
1501516894939009024,Neutral
1501511933807190016,Neutral
1501510637561819136,Neutral
1501505672118259712,Neutral
1501505080473829376,Neutral
1501504022775480320,Neutral
1501501006093422592,Neutral
1501500497676677120,Neutral
1501497625920434176,Neutral
1501497383183601664,Neutral
1501496867196227584,Neutral
1501496584366096384,Neutral
1501496373883068416,Neutral
1501494124016541696,Neutral
1501490506198622208,Neutral
1501490426351661056,Neutral
1501490330809602048,Neutral
1501489822715809792,Neutral
1501489747029598208,Neutral
1501489564325711872,Neutral
1499840194819899392,Neutral
1499394525516603392,Positive
1499357539640782848,Positive
1499348793560600576,Positive
1499346280681996288,Positive
1499340896785117184,Positive
1499306975204724736,Positive
1499103054548905984,Positive
1499091940230504448,Positive
1499054177380712448,Positive
1498976479832649728,Positive
1498970551796350976,Positive
1498968576325300224,Positive
1498968370733010944,Positive
1498630720247545856,Neutral
1496551554396078080,Negative
1493679730817646592,Negative
1493135415481536512,Negative
1492949761778987008,Neutral
1486306657554546688,Neutral
1484487204160344064,Neutral
1484069761680089088,Neutral
1483814428718125056,Negative
1483686107112001536,Neutral
1481760720492679168,Neutral
1481760563730522112,Positive
1481144992429129728,Neutral
1481144790368632832,Positive
1480152391483809792,Positive
1480151534323355648,Positive
1480142745792561152,Positive
1480087902835073024,Neutral
1477087516222267392,Neutral
1476947357912772608,Neutral
1476945882444615680,Neutral
1476945814123597824,Neutral
1476945069861220352,Neutral
1476945008712421376,Neutral
1476936678472400896,Neutral
1476623065341644800,Neutral
1476295025361399808,Neutral
1476196171991367680,Neutral
1476195545429520384,Neutral
1476165948411453440,Neutral
1475825395442368512,Neutral
1475599278601129984,Neutral
1475587474898538496,Neutral
1475584720276791296,Negative
1475525366370476032,Neutral
1475230120831037440,Neutral
1475177513437519872,Neutral
1475136793343406080,Neutral
1475135529050116096,Neutral
1475121968290709504,Neutral
1475085081714860032,Neutral
1475030853856206848,Neutral
1474870988898816000,Neutral
1474869432145129472,Neutral
1474867663927222272,Neutral
1474863093662552064,Neutral
1474847134415568896,Neutral
1474846791988400128,Neutral
1474845768154599424,Neutral
1474820358863785984,Neutral
1474812977140404224,Neutral
1474808061101490176,Neutral
1474805363450994688,Neutral
1474805124279279616,Neutral
1474802159178948608,Neutral
1474791925928636416,Neutral
1474789648576753664,Neutral
1474789576610828288,Neutral
1474766693566193664,Neutral
1474759999540936704,Neutral
1474758524806836224,Neutral
1474755477594689536,Neutral
1474748257389752320,Neutral
1474734379461189632,Neutral
1474728041167441920,Neutral
1474721741469540352,Neutral
1474720902462029824,Neutral
1474719684608020480,Neutral
1474718881105207296,Neutral
1474715452895109120,Neutral
1474712295397859328,Neutral
1474712212270989312,Neutral
1474706978777743360,Neutral
1474706801887170560,Neutral
1474705403112005632,Neutral
1474701624874520576,Neutral
1474700217924608000,Neutral
1474699920875692032,Neutral
1474694988751638528,Neutral
1474689867040837632,Neutral
1474685070363578368,Neutral
1474682428165918720,Neutral
1474680718689280000,Neutral
1474679584641761280,Neutral
1474676182683684864,Neutral
1474676072876752896,Neutral
1474675996800557056,Neutral
1474675980224667648,Neutral
1474673845315551232,Neutral
1474673100943937536,Neutral
1474671158922461184,Neutral
1474669963298357248,Neutral
1474669040551481344,Neutral
1474668967453208576,Neutral
1474668437565845504,Neutral
1474667370207756288,Neutral
1474667317246132224,Neutral
1474667016929820672,Neutral
1474666567073992704,Neutral
1474346754543960064,Positive
1474326530859966464,Negative
1474062083784384512,Positive
1474059477905289216,Positive
1474048290895323136,Neutral
1474037703201202176,Positive
1474032590936059904,Positive
1474006650814087168,Positive
1474006638910742528,Positive
1474006627045068800,Positive
1474006610271952896,Positive
1474005910540460032,Positive
1474005501558112256,Positive
1474003809743556608,Positive
1473992651628331008,Positive
1473985228834484224,Positive
1473984518361075712,Positive
1473982385578467328,Positive
1473978670968619008,Positive
1473978256676495360,Positive
1473978251009740800,Positive
1473977359183323136,Positive
1473977098540920832,Positive
1473974603533979648,Positive
1473974386394906624,Positive
1473973625212571648,Positive
1473973101385986048,Positive
1473968155525627904,Positive
1473961583403540480,Positive
1473960527873429504,Positive
1473960476031832064,Positive
1473958364413669376,Positive
1473956468126887936,Positive
1473956159166066688,Positive
1473954220353200128,Positive
1473953246217654272,Positive
1473952379645145088,Positive
1473950002582110208,Positive
1473949828619059200,Positive
1473807286015610880,Neutral
1473279153084542976,Neutral
1472630605896728576,Negative
1471983468775190528,Neutral
1471905955587706880,Neutral
1471884029276430336,Neutral
1471844824907415552,Neutral
1471825889675595776,Neutral
1471825043936186368,Neutral
1470409159053131776,Neutral
1470002306779340800,Negative
1469957398160982016,Negative
1469955897585770496,Negative
1468384754991050752,Neutral
1468250542426230784,Neutral
1468162537422217216,Neutral
1468161663161540608,Negative
1463920169571520512,Negative
1463055195114332160,Neutral
1462736444267667456,Negative
1462112921228648448,Neutral
1462106098610192384,Neutral
1462090162771570688,Neutral
1462075545680760832,Neutral
1462037877324402688,Neutral
1462036501391454208,Negative
1461683353317523456,Neutral
1461669040242495488,Neutral
1461655252856365056,Neutral
1461650702724472832,Neutral
1461647087318310912,Neutral
1461646748171051008,Neutral
1461638426445422592,Neutral
1461396244190879744,Neutral
1460501931483357184,Neutral
1460405149613146112,Neutral
1460014969018359808,Neutral
1458872291778076672,Negative
1458553752609230848,Negative
1456577916670709760,Negative
1454890311252054016,Neutral
1454889732069019648,Negative
1451272417586855936,Negative
1448665313336201216,Negative
1448230616852488192,Negative
1445349784693399552,Neutral
1443904542890991616,Positive
1442797450071314432,Negative
1441799782670819328,Neutral
1441794798537494528,Negative
1441734727686307840,Neutral
1441726055769903104,Neutral
1441690683639623680,Neutral
1441646458663575552,Neutral
1441580036562296832,Negative
1441417509291311104,Neutral
1441051692620029952,Neutral
1440233829826908160,Neutral
1438599959742406656,Neutral
1437900964539871232,Neutral
1429850711311925248,Positive
1429817688084385792,Positive
1429184197424390144,Neutral
1428955943765696512,Neutral
1428918899270164480,Neutral
1428732068624748544,Neutral
1428732054951317504,Neutral
1428732043219947520,Neutral
1428732031572271104,Neutral
1428731959711309824,Neutral
1428727024084996096,Neutral
1428726047625854976,Neutral
1428725578606202880,Neutral
1428724739040858112,Neutral
1428724313427959808,Neutral
1428723295470432256,Neutral
1428719153263820800,Neutral
1428719151988760576,Neutral
1428719106337947648,Neutral
1426246570668920832,Positive
1425930189767417856,Positive
1425919791538262016,Positive
1425895909469130752,Positive
1425811294163128320,Positive
1425803048442531840,Positive
1425801735893917696,Positive
1425794723298619392,Positive
1425784587079360512,Positive
1425050980870205440,Negative
1425019184065531904,Negative
1421031373964521472,Positive
1420487237624647680,Positive
1420451349863575552,Positive
1420451147509387264,Positive
1420422680709378048,Positive
1420357452877336576,Positive
1420347323360612352,Positive
1417181209751400448,Neutral
1417152006402236416,Neutral
1417144349016657920,Neutral
1416138129518600192,Neutral
1413048439038955520,Neutral
1412799221749665792,Negative
1411899562441252864,Neutral
1411379684395388928,Neutral
1409512304237072384,Negative
1408714982431375360,Negative
1408417950433005568,Negative
1408360366212517888,Negative
1408336315440111616,Negative
1408125703208439808,Negative
1408106943298912256,Negative
1408099329622134784,Negative
1408099050537340928,Negative
1408098355645976576,Negative
1408096085504036864,Neutral
1407753238816956416,Neutral
1406553864560693248,Neutral
1406416388328243200,Neutral
1406178995767492608,Neutral
1406151152572506112,Neutral
1406139224823373824,Neutral
1406138619530784768,Neutral
1405998861005504512,Neutral
1405997885083238400,Neutral
1405997162161451008,Neutral
1405995101340459008,Neutral
1405994279282135040,Neutral
1405957771602894848,Neutral
1405955170350120960,Neutral
1405930212609646592,Neutral
1405905273462558720,Neutral
1405884301493903360,Neutral
1405870243096977408,Neutral
1405867344136638464,Neutral
1405865774795968512,Neutral
1405857413354430464,Neutral
1405853580565811200,Neutral
1405831571647733760,Neutral
1405830344214028288,Neutral
1405829945058906112,Neutral
1405820579505217536,Neutral
1405820551969624064,Neutral
1405820516892659712,Neutral
1405820508533399552,Neutral
1405820483593977856,Neutral
1405820453235662848,Neutral
1405820406460817408,Neutral
1405818250936700928,Neutral
1405809076504776704,Neutral
1405787889145888768,Neutral
1405782033067094016,Neutral
1405780848130068480,Neutral
1405780126332239872,Neutral
1405778631067115520,Neutral
1405778442835005440,Neutral
1405777627533627392,Neutral
1405774308899622912,Neutral
1405774227685265408,Neutral
1405773707935584256,Neutral
1405771851343695872,Neutral
1405771337944076288,Neutral
1405765464974712832,Neutral
1405762647216168960,Neutral
1405755503855112192,Neutral
1405752816300265472,Neutral
1405749731284852736,Neutral
1405749713727418368,Neutral
1405739374008954880,Neutral
1405729567533191168,Neutral
1405717076594073600,Neutral
1405681194990280704,Neutral
1405674979094630400,Neutral
1405658181179686912,Neutral
1405655789382025216,Neutral
1405655238351151104,Neutral
1405652088839979008,Neutral
1405650187905818624,Neutral
1405649858552336384,Neutral
1405648503007809536,Neutral
1405648424280657920,Neutral
1405648280550268928,Neutral
1405648004133146624,Neutral
1405646408733147136,Neutral
1405646069044817920,Neutral
1405645693532913664,Neutral
1405645629309784064,Neutral
1405644805795876864,Neutral
1405644696181936128,Neutral
1405644632759975936,Neutral
1405644483799269376,Neutral
1405644402484256768,Neutral
1405644369487618048,Neutral
1405643659144466432,Neutral
1405643336078270464,Neutral
1405643319598780416,Neutral
1405642972801212416,Neutral
1405642863321489408,Neutral
1405642858984509440,Neutral
1405642758124195840,Neutral
1405642664553373696,Neutral
1405642650993184768,Neutral
1405642597633253376,Neutral
1405642221433536512,Neutral
1405642086146351104,Neutral
1405641876619894784,Neutral
1405641819443105792,Neutral
1405641317393354752,Neutral
1405641281951481856,Neutral
1405641093048377344,Neutral
1405641080469655552,Neutral
1405641047645032448,Neutral
1405640970545381376,Neutral
1405640865536692224,Neutral
1405640674171621376,Neutral
1405640639740514304,Neutral
1405571780706721792,Neutral
1404704862848360448,Positive
1404682894140915712,Positive
1404680390577737728,Positive
1404539259298758656,Positive
1404522563187974144,Positive
1404467355783151616,Positive
1404456980308238336,Positive
1404451376445505536,Positive
1404415209041764352,Positive
1404408627293736960,Positive
1404406492275617792,Positive
1404405257510305792,Positive
1404402492696371200,Positive
1404401562416467968,Positive
1404400619415347200,Positive
1404399878466420736,Positive
1404398522116489216,Positive
1404398364163293184,Positive
1404397957005328384,Positive
1404396680389275648,Positive
1404394438101811200,Positive
1404393221900406784,Positive
1404391270701842432,Positive
1404388378947239936,Positive
1404386479825096704,Positive
1404383109026562048,Positive
1404382872136474624,Positive
1404382561758031872,Positive
1404381936223768576,Positive
1404381626310746112,Positive
1404381277822799872,Positive
1404381263121817600,Positive
1404381242762698752,Positive
1404381139737972736,Positive
1404380972515303424,Positive
1404139959875932160,Negative
1403448817123479552,Neutral
1402562406409191424,Neutral
1402561117151318016,Neutral
1402545705605083136,Neutral
1402542927235141632,Neutral
1402526379644702720,Neutral
1402401524228050944,Neutral
1402353062191284224,Neutral
1402349426472017920,Neutral
1402334732411674624,Neutral
1402306889472376832,Neutral
1402306453742964736,Neutral
1402305641310457856,Neutral
1402305598839005184,Neutral
1402304922910134272,Neutral
1402302128769667072,Neutral
1402297103418904576,Neutral
1402294947542409216,Neutral
1402285068069093376,Neutral
1402284740703567872,Neutral
1402283671323877376,Neutral
1402283070015905792,Neutral
1402283059555311616,Neutral
1402283050453635072,Neutral
1402283042127876096,Neutral
1402283032791367680,Neutral
1402283023555608576,Neutral
1402282475817156608,Neutral
1402277902750826496,Neutral
1402277769485094912,Neutral
1402274786462605312,Neutral
1402274021232742400,Neutral
1402269268507512832,Neutral
1402267931891974144,Neutral
1402267853106073600,Neutral
1402265933742288896,Neutral
1401837896483676160,Neutral
1401833550333321216,Neutral
1398315782157881344,Negative
1398168222994685952,Negative
1398149262270156800,Negative
1398145554564194304,Negative
1398038093337448448,Negative
1398034521468149760,Negative
1398031978511978496,Negative
1398016038965497856,Negative
1398005479134093312,Negative
1398001667031941120,Negative
1397990503308828672,Negative
1397988598763360256,Negative
1397986112753352704,Negative
1397248367550504960,Positive
1395842895790415872,Neutral
1394702739020603392,Neutral
1394658504686936064,Neutral
1394647593217626112,Neutral
1394613938038484992,Neutral
1394592135719030784,Neutral
1394582452828508160,Neutral
1394580953318764544,Neutral
1394559755503521792,Neutral
1394554475919118336,Neutral
1394553798870421504,Neutral
1394552213184331776,Neutral
1394546670189355008,Neutral
1394545250702659584,Neutral
1394541812929515520,Neutral
1394540937955663872,Neutral
1394540069395083264,Neutral
1394538096373469184,Neutral
1394536666275225600,Neutral
1394529370962804736,Neutral
1394527166809972736,Neutral
1394519041226821632,Neutral
1394518972016611328,Neutral
1394509888609476608,Neutral
1394457160139030528,Neutral
1394435744911925248,Neutral
1394435582584098816,Neutral
1394430507820199936,Neutral
1394422799754743808,Neutral
1394417953584656384,Neutral
1394416815275659264,Neutral
1394413235495972864,Neutral
1394413078415036416,Neutral
1394412138253504512,Neutral
1394411774229848064,Neutral
1394411338777219072,Neutral
1394410511127785472,Neutral
1394409112679682048,Neutral
1394409056882810880,Neutral
1394407672775053312,Neutral
1394407503367114752,Neutral
1394406531609804800,Neutral
1394405173808803840,Neutral
1394401681597734912,Neutral
1394401340596568064,Neutral
1394401192843915264,Neutral
1394400408865476608,Neutral
1394398270164803584,Neutral
1394397431123562496,Neutral
1394396875294486528,Neutral
1394395541648420864,Neutral
1394389460272439296,Neutral
1394385307261456384,Neutral
1394384367204585472,Neutral
1394383660753768448,Neutral
1394382935466385408,Neutral
1394380539625345024,Neutral
1394378198641696768,Neutral
1394370568032563200,Positive
1394366130937077760,Neutral
1394362493468807168,Neutral
1394361826918510592,Neutral
1394360311092760576,Neutral
1394358045728256000,Neutral
1394354758526414848,Neutral
1394354365453017088,Neutral
1394353771266945024,Neutral
1394353555319005184,Neutral
1394352935245651968,Neutral
1394351327321460736,Neutral
1394349991368462336,Neutral
1394349894454894592,Neutral
1394349769275891712,Neutral
1394348991429685248,Neutral
1394347621377060864,Neutral
1394347100779986944,Neutral
1394346851801968640,Neutral
1394346035363946496,Neutral
1394345898239533056,Neutral
1394345847610032128,Neutral
1394343395062173696,Neutral
1394342858862235648,Neutral
1394341698596179968,Neutral
1394340948696567808,Neutral
1394339369364901888,Neutral
1394337722018500608,Neutral
1394336089264070656,Neutral
1394335966203158528,Neutral
1394335682596904960,Neutral
1394334332609867776,Neutral
1394334193036013568,Neutral
1394334122471038976,Neutral
1394333931357577216,Neutral
1394333702914777088,Neutral
1394333327990067200,Neutral
1394332736337465344,Neutral
1394332725646082048,Neutral
1394332656377208832,Neutral
1394332631676956672,Neutral
1394332363086344192,Neutral
1394332324603564032,Neutral
1394332159041736704,Neutral
1394331668752830464,Neutral
1394331591976095744,Neutral
1394331580756336640,Neutral
1394331456177123328,Neutral
1394331452699983872,Neutral
1394331339554443264,Neutral
1394331244310192128,Neutral
1394331146402603008,Neutral
1393994580870287360,Positive
1393968063373103104,Positive
1393315539225878528,Neutral
1393304763840745472,Neutral
1393297435745783808,Neutral
1393268019376369664,Neutral
1393265153278451712,Neutral
1393262799216906240,Neutral
1393260950707482624,Neutral
1393250934088732672,Neutral
1393095536392216576,Neutral
1392877005050351616,Neutral
1392822674410385408,Neutral
1392791109139566592,Neutral
1392789556378972160,Neutral
1392781765383626752,Neutral
1392764110107025408,Neutral
1392746907760578560,Neutral
1392736254727495680,Neutral
1392726727164579840,Neutral
1392709120667574272,Neutral
1392680958625816576,Neutral
1392678923079757824,Neutral
1392609523190452224,Neutral
1392606274970275840,Neutral
1392591111668092928,Neutral
1392591023092678656,Neutral
1392584741262614528,Neutral
1392580610544308224,Neutral
1392578752832495616,Neutral
1392578414205407232,Neutral
1392574204592132096,Neutral
1392573299750735872,Neutral
1392569563636801536,Neutral
1392568540520140800,Neutral
1392567901228617728,Neutral
1392565349233709056,Neutral
1392559805324308480,Neutral
1392559687183306752,Neutral
1392557431989886976,Neutral
1392555960825270272,Neutral
1392549252656734208,Neutral
1392547320319905792,Neutral
1392546238273400832,Neutral
1392545688060416000,Neutral
1392544652859953152,Neutral
1392544036477620224,Neutral
1392539827392983040,Neutral
1392537527710539776,Neutral
1392537058514722816,Neutral
1392536990495776768,Neutral
1392535869131829248,Neutral
1392535868985036800,Neutral
1392533220386816000,Neutral
1392531378848378880,Neutral
1392531026560356352,Neutral
1392530824940113920,Neutral
1392530702026121216,Neutral
1392530590038216704,Neutral
1392530555175059456,Neutral
1392530438216982528,Neutral
1392530090597228544,Neutral
1392529640506408960,Neutral
1392529437523075072,Neutral
1392529365070659584,Neutral
1392528894704640000,Neutral
1392527574086082560,Neutral
1392527558663675904,Neutral
1392525965125951488,Neutral
1392524976721469440,Neutral
1392524975375110144,Neutral
1392524318383476736,Neutral
1392523221724024832,Neutral
1392523115012530176,Neutral
1392522655086034944,Neutral
1392522146895863808,Neutral
1392521700533850112,Neutral
1392521510699536384,Neutral
1392521261088223232,Neutral
1392197878811144192,Neutral
1392161655270875136,Neutral
1392161286641815552,Neutral
1391902845658562560,Neutral
1391315533719654400,Neutral
1390954628217556992,Neutral
1387895772520357888,Neutral
1387873157499998208,Neutral
1387816579526709248,Neutral
1387716689677148160,Neutral
1387681682917105664,Negative
1387400606441148416,Positive
1387106876593262592,Positive
1386678779385454592,Positive
1385198073991897088,Negative
1384758805431529472,Positive
1384593005571710976,Positive
1384513590305214464,Positive
1384506744592687104,Positive
1384465030620479488,Positive
1384464692979007488,Positive
1384435696941903872,Positive
1384419702517157888,Positive
1384388916648755200,Positive
1384186618047700992,Positive
1384171367344402432,Positive
1384166124548333568,Positive
1384162711878082560,Positive
1384155357782577152,Positive
1384146117282045952,Positive
1384142507924021248,Positive
1384137556296552448,Positive
1384126810007379968,Positive
1384121011218518016,Positive
1384120980365221888,Positive
1384110210390790144,Positive
1384108823615442944,Positive
1384108568480129024,Positive
1384106223256039424,Positive
1384102238780461056,Positive
1384102181289091072,Positive
1384102027475636224,Positive
1384101902380535808,Positive
1384101769634930688,Positive
1384101362825195520,Positive
1384101302536339456,Positive
1384101097443184640,Positive
1384101062282338304,Positive
1384100863526916096,Positive
1382777504323239936,Negative
1382742076757004288,Negative
1382626597421858816,Negative
1382620360810577920,Negative
1382620087354548224,Negative
1379456292943753216,Neutral
1377406808684331008,Positive
1377290819208675328,Positive
1377270581800878080,Positive
1377260963582382080,Positive
1377249278289121280,Positive
1377225422639927296,Positive
1377214612429488128,Positive
1377197112144900096,Positive
1377193655123988480,Positive
1377191821047181312,Positive
1377180834633981952,Positive
1377180238707269632,Positive
1377178505583075328,Positive
1377177753523347456,Positive
1377177462879055872,Positive
1377176996782829568,Positive
1377176229657239552,Positive
1377176157993328640,Positive
1377171596125724672,Positive
1377166114703077376,Positive
1377165647927369728,Positive
1377164753974386688,Positive
1377163722167218176,Positive
1377162156680966144,Positive
1377161794058297344,Positive
1377161077163626496,Positive
1377158283622932480,Positive
1377157806176886784,Positive
1377155824229871616,Positive
1377155381881794560,Positive
1377151716668280832,Positive
1377151259384291328,Positive
1376553488059097088,Neutral
1376487547778519040,Neutral
1376471715442737152,Neutral
1376457981387288576,Neutral
1376433159089311744,Neutral
1376396785971818496,Neutral
1376282867358167040,Neutral
1376273871075217408,Neutral
1376263075364495360,Neutral
1376253685395820544,Neutral
1376251145019080704,Neutral
1376246615904763904,Neutral
1376244343565062144,Neutral
1376239455380594688,Neutral
1376237811456675840,Neutral
1376232761225281536,Neutral
1376227719416008704,Neutral
1376219613634174976,Neutral
1376216965270896640,Neutral
1376213790971289600,Neutral
1376212617480564736,Neutral
1376209008927899648,Neutral
1376207254643425280,Neutral
1376206647228559360,Neutral
1376206483365433344,Neutral
1376206437412659200,Neutral
1376205993466544128,Neutral
1376205160754647040,Neutral
1376205057226633216,Neutral
1376204846433509376,Neutral
1376204631911587840,Neutral
1376204622415683584,Neutral
1376204454643576832,Neutral
1376203919026749440,Neutral
1376203845513121792,Neutral
1376203838470897664,Neutral
1376203826181644288,Neutral
1375045148460072960,Negative
1374974348017156096,Positive
1374281134205468672,Positive
1373944077209767936,Positive
1373724386096726016,Neutral
1373650079375056896,Positive
1373392238970077184,Neutral
1373182043597717504,Neutral
1372959436768215040,Neutral
1372668489002024960,Positive
1372582806602272768,Positive
1372500159200903168,Positive
1372497609827434496,Positive
1372478766254071808,Positive
1372465104151805952,Positive
1372464953676939264,Positive
1372463985535123456,Positive
1372461048134008832,Positive
1372449200584192000,Positive
1372441719560663040,Positive
1372441612870107136,Positive
1372441565914927104,Positive
1372439146392850432,Positive
1372413061831798784,Positive
1372354690088906752,Positive
1372353026439188480,Positive
1372340098621186048,Positive
1372324386137587712,Positive
1372321152132120576,Positive
1372308091556016128,Positive
1372307766518382592,Positive
1372304518684274688,Positive
1372297050117836800,Positive
1372295882092199936,Positive
1372292321992183808,Positive
1372290772381274112,Positive
1372290493443362816,Positive
1372288738508873728,Positive
1372287102050766848,Positive
1372285020988174336,Positive
1372282950885199872,Positive
1372281595860762624,Positive
1372279735561170944,Positive
1372279020583272448,Positive
1372276297993486336,Positive
1372276004450926592,Positive
1372269308382969856,Positive
1372266229864484864,Positive
1372265867929587712,Positive
1372263223890694144,Positive
1372259469409841152,Positive
1372253107112054784,Positive
1372243046524452864,Positive
1372242882757849088,Positive
1372242785944887296,Positive
1372241814166642688,Positive
1372240014411624448,Positive
1372239950645768192,Positive
1372238720045350912,Positive
1372234080515932160,Positive
1372232030663143424,Positive
1372230259752497152,Positive
1372229918835286016,Positive
1372226805214679040,Positive
1372222358895931392,Positive
1372222194772807680,Positive
1372221778454581248,Positive
1372221733420335104,Positive
1372220484826324992,Positive
1372220318069178368,Positive
1372219588633632768,Positive
1372218442531627008,Positive
1372217343695282176,Positive
1372216692105998336,Positive
1372213970501783552,Positive
1372211614020202496,Positive
1372211399787749376,Positive
1372211013781745664,Positive
1372210937537646592,Positive
1372209130505699328,Positive
1372208773675282432,Positive
1372207786759700480,Positive
1372207292498739200,Positive
1372206622915846144,Positive
1372206229750226944,Positive
1372205472275705856,Positive
1372205186802929664,Positive
1372203514236112896,Positive
1372201379545153536,Positive
1372201057502236672,Positive
1372200685211631616,Positive
1372200631818194944,Positive
1372198755559165952,Positive
1372198700076908544,Positive
1372197425205686272,Positive
1372196626710806528,Positive
1372196189152686080,Positive
1372196131174805504,Positive
1372195341408276480,Positive
1372193849129512960,Positive
1372189623917641728,Positive
1372189026615238656,Positive
1372188928514621440,Positive
1372188570564329472,Positive
1372187211509202944,Positive
1372186615372726272,Positive
1372186343216926720,Positive
1372185787169656832,Positive
1372185599189344256,Positive
1372184998963478528,Positive
1372184732679688192,Positive
1372184187382419456,Positive
1372180915112312832,Positive
1372180353490767872,Positive
1372179751713042432,Positive
1372178905038209024,Positive
1372178689664950272,Positive
1372175062254690304,Positive
1372174927139328000,Positive
1372174909997248512,Positive
1372174845488824320,Positive
1372173981772623872,Positive
1372173591173857280,Positive
1372173377012654080,Positive
1372173273937674240,Positive
1372173200168263680,Positive
1372172734327820288,Positive
1372172445386469376,Positive
1372171491421343744,Positive
1372170726619418624,Positive
1372170440601436160,Positive
1372169361583181824,Positive
1372168899190489088,Positive
1372168185030533120,Positive
1372168134040375296,Positive
1372167560200880128,Positive
1372167553024458752,Positive
1372167479506698240,Positive
1372166450228641792,Positive
1372166054819037184,Positive
1372166013270249472,Positive
1372165110089797632,Positive
1372165067244965888,Positive
1372164589761216512,Positive
1372164490356199424,Positive
1372164466347929600,Positive
1372164304322052096,Positive
1372164141671198720,Positive
1372164061446742016,Positive
1372163995428347904,Positive
1372163769548345344,Positive
1372163645610807296,Positive
1372163491608596480,Positive
1372162786005037056,Positive
1372162520450994176,Positive
1372162357439369216,Positive
1372162312040243200,Positive
1372161681107914752,Positive
1372160179769344000,Positive
1372159985245896704,Positive
1372157691083300864,Positive
1372157427588685824,Positive
1372157311934988288,Positive
1372157277306818560,Positive
1372157258793095168,Positive
1372156984867315712,Positive
1372156854365679616,Positive
1372156084295766016,Positive
1372155593268551680,Positive
1372155524628758528,Positive
1372155402394210304,Positive
1372155007198449664,Positive
1372154942245507072,Positive
1372154397661220864,Positive
1372154375435661312,Positive
1372153218558525440,Positive
1372152935019393024,Positive
1372152515656040448,Positive
1372151589864153088,Positive
1372151390089396224,Positive
1372150375042670592,Positive
1372150165327515648,Positive
1372149998188687360,Positive
1372149767204130816,Positive
1372149408184332288,Positive
1372149062624026624,Positive
1372148974963064832,Positive
1372148845854007296,Positive
1372148424792027136,Positive
1372148403283591168,Positive
1372146981347454976,Positive
1372146957381210112,Positive
1372146716091289600,Positive
1372146608813522944,Positive
1372146361219579904,Positive
1372146304172851200,Positive
1372145374450831360,Positive
1372145373251264512,Positive
1372145241248137216,Positive
1372145177381511168,Positive
1372144966928105472,Positive
1372144330346012672,Positive
1372143809576992768,Positive
1372143660310142976,Positive
1372143561580408832,Positive
1372143145459322880,Positive
1372142799345311744,Positive
1372142277091586048,Positive
1372141645441990656,Positive
1372141344064483328,Positive
1372139610256642048,Positive
1372139316479156224,Positive
1372139055689916416,Positive
1372138983996719104,Positive
1372138931878252544,Positive
1372138791683686400,Positive
1372138743738597376,Positive
1372138713787068416,Positive
1372138024516063232,Positive
1372137891833520128,Positive
1372137888507437056,Positive
1372137827551559680,Positive
1372137643568472064,Positive
1372137609481363456,Positive
1372137502623084544,Positive
1372137484033916928,Positive
1372137456229871616,Positive
1372137443785388032,Positive
1372137335358361600,Positive
1372137220367339520,Positive
1372137162108366848,Positive
1372137157159219200,Positive
1372137130529591296,Positive
1372136937759313920,Positive
1372136779017547776,Positive
1372136488612270080,Positive
1372136277835923456,Positive
1372136031294779392,Positive
1372135751253692416,Positive
1372135261153460224,Positive
1372135215846543360,Positive
1372134697271238656,Positive
1372134084240084992,Positive
1372133967269351424,Positive
1372133658174312448,Positive
1372133505275158528,Positive
1372133150214750208,Positive
1372132893481443328,Positive
1372132733619671040,Positive
1372132333134942208,Positive
1372131997326450688,Positive
1372131949184180224,Positive
1371533563649265664,Neutral
1369948815244079104,Neutral
1369208522672644096,Negative
1365344069891878912,Positive
1363443553020633088,Neutral
1361953174190456832,Negative
1360325463856607232,Negative
1359508854980108288,Negative
1358907271842041856,Neutral
1355495315051323392,Negative
1355243735706177536,Neutral
1353700476479557632,Neutral
1352658342485909504,Neutral
1352309560002961408,Neutral
1352269371834572800,Neutral
1352199560756666368,Neutral
1352160128552890368,Neutral
1352039952016691200,Neutral
1351608327223050240,Neutral
1351555869490737152,Neutral
1351552952855638016,Neutral
1351539883018514432,Neutral
1351479471946272768,Neutral
1351475920540819456,Neutral
1351474388747628544,Neutral
1351469610323894272,Neutral
1351467039496564736,Neutral
1351466747065458688,Neutral
1351466599648292864,Neutral
1351466567142404096,Neutral
1350515150785228800,Negative
1350212971935510528,Neutral
1349572853587439616,Positive
1348601866532347904,Positive
1348006831524876288,Positive
1348006430255833088,Positive
1347493747341320192,Negative
1347492657401094144,Negative
1347302772903972864,Positive
1347302732894498816,Positive
1347302635804782592,Positive
1346195004763623424,Negative
1346194663099813888,Neutral
1346153908125782016,Neutral
1346141311607468032,Neutral
1346094981497323520,Neutral
1346026258447085568,Neutral
1346025678169395200,Neutral
1345971903454982144,Neutral
1345944140794589184,Neutral
1345940447643004928,Neutral
1345936519857664000,Neutral
1345934710921441280,Neutral
1345911080334323712,Neutral
1345906761384009728,Neutral
1345899828912529408,Neutral
1345876602920513536,Neutral
1345876343154737152,Neutral
1345874177308454912,Neutral
1345874032298582016,Neutral
1345872987820593152,Neutral
1345862797096329216,Neutral
1345861835120107520,Neutral
1345858369488363520,Neutral
1345851244930363392,Neutral
1345851241323237376,Neutral
1345847757953781760,Neutral
1345846051832557568,Neutral
1345832791251030016,Neutral
1345832776000442368,Neutral
1345831791517704192,Neutral
1345828931941892096,Neutral
1345828565804314624,Neutral
1345827531061153792,Neutral
1345825652151365632,Neutral
1345820974483181568,Neutral
1345820834150158336,Neutral
1345819963139960832,Neutral
1345813779234381824,Neutral
1345812235856318464,Neutral
1345811277764042752,Neutral
1345811253919408128,Neutral
1345803203615600640,Neutral
1345794772003393536,Neutral
1345794396906782720,Neutral
1345790619093004288,Neutral
1345789856002224128,Neutral
1345788158408060928,Neutral
1345786684663877632,Neutral
1345786271059353600,Neutral
1345782050125705216,Neutral
1345777863761555456,Neutral
1345774638140432384,Neutral
1345772229754294272,Neutral
1345771316633358336,Neutral
1345770225032192000,Neutral
1345768208238845952,Neutral
1345766921753473024,Neutral
1345765823034621952,Neutral
1345765570650767360,Neutral
1345759605121572864,Neutral
1345757798307655680,Neutral
1345757499325108224,Neutral
1345756454784000000,Neutral
1345754822591578112,Neutral
1345746486089437184,Neutral
1345745522083176448,Neutral
1345745057555611648,Neutral
1345744419534876672,Neutral
1345743440240373760,Neutral
1345743107816628224,Neutral
1345739846271250432,Neutral
1345737322692825088,Neutral
1345735477681336320,Neutral
1345734596588134400,Neutral
1345733979048181760,Neutral
1345731042896994304,Neutral
1345730108271841280,Neutral
1345726112350035968,Neutral
1345723633327607808,Neutral
1345723130656993280,Neutral
1345721856825942016,Neutral
1345721503661387776,Neutral
1345718477240332288,Neutral
1345717199944749056,Neutral
1345716109987741696,Neutral
1345715240265261056,Neutral
1345714825649922048,Neutral
1345710227635712000,Neutral
1345709498942562304,Neutral
1345707314783858688,Neutral
1345706581250486272,Neutral
1345698600874086400,Neutral
1345697614461890560,Neutral
1345693790770778112,Neutral
1345690504894140416,Neutral
1345690378373095424,Neutral
1345690258571145216,Neutral
1345690041985757184,Neutral
1345687804752273408,Neutral
1345685549856780288,Neutral
1345683535785504768,Neutral
1345682715430027264,Neutral
1345680779326726144,Neutral
1345677041778221056,Neutral
1345676800010067968,Neutral
1345676408085889024,Neutral
1345675891268083712,Neutral
1345675441730940928,Neutral
1345672335987253248,Neutral
1345672054595575808,Neutral
1345671226941992960,Neutral
1345669984232550400,Neutral
1345668422697447424,Neutral
1345666698809106432,Neutral
1345666063808286720,Neutral
1345664927869132800,Neutral
1345664920801730560,Neutral
1345664894344036352,Neutral
1345664005369704448,Neutral
1345663494541217792,Neutral
1345663309413031936,Neutral
1345662476734574592,Neutral
1345662472875868160,Neutral
1345662200141103104,Neutral
1345661908494508032,Neutral
1345661381794783232,Neutral
1345660781057224704,Neutral
1345660204038451200,Neutral
1345659633130745856,Neutral
1345659369883635712,Neutral
1345658927330029568,Neutral
1345658759885021184,Neutral
1345658615227703296,Neutral
1345657597492400128,Neutral
1345655814879637504,Neutral
1345655768414973952,Neutral
1345655375626952704,Neutral
1345655139105992704,Neutral
1345654850906968064,Neutral
1345654514389553152,Neutral
1345654443115741184,Neutral
1345654254804070400,Neutral
1345654180778807296,Neutral
1345654104899674112,Neutral
1345653598982701056,Neutral
1345653487753957376,Neutral
1345653402328555520,Neutral
1345653253179109376,Neutral
1345653057670021120,Neutral
1345650823997644800,Neutral
1345647498292047872,Neutral
1345647206909538304,Neutral
1345646597699461120,Neutral
1345645773619425280,Neutral
1345642664084070400,Neutral
1345639612543365120,Neutral
1345638533348909056,Neutral
1345637559372808192,Neutral
1345636831031865344,Neutral
1345636432795332608,Neutral
1345635970708873216,Neutral
1345635127720861696,Neutral
1345635031734214656,Neutral
1345634894345621504,Neutral
1345634564409065472,Neutral
1345634415586783232,Neutral
1345634061050650624,Neutral
1345633768418246656,Neutral
1345633706195755008,Neutral
1345093582890414080,Negative
1345093002893664256,Negative
1344641991238365184,Positive
1344391688069017600,Negative
1344356098082541568,Negative
1343287107180228608,Negative
1341951258891059200,Neutral
1340642201483829248,Neutral
1340328907313176576,Neutral
1340258351347884032,Neutral
1340244300093935616,Negative
1340242469301186560,Negative
1339853557672128512,Negative
1339633903456428032,Negative
1337340601134505984,Neutral
1337300240555192320,Neutral
1337049077972873216,Neutral
1337048515617370112,Neutral
1337039857529593856,Neutral
1336985564822769664,Neutral
1336985038886481920,Neutral
1336976507164635136,Neutral
1336973754476400640,Neutral
1336971921322291200,Neutral
1336963334864826368,Neutral
1336954960479723520,Neutral
1336951357090254848,Neutral
1336833016329613312,Neutral
1336812013268459520,Neutral
1336804180707708928,Neutral
1336777420762910720,Neutral
1336773444453724160,Neutral
1336766185292050432,Neutral
1336755369662550016,Neutral
1336751281524908032,Neutral
1336750604648148992,Neutral
1336748632486404096,Neutral
1336748008499765248,Neutral
1336747482852843520,Neutral
1336747000948199424,Neutral
1336746289791459328,Neutral
1335872818509176832,Positive
1335295549562642432,Negative
1334781733649125376,Neutral
1334309923560316928,Neutral
1334125318391689216,Neutral
1334099673808777216,Negative
1334098609814597632,Neutral
1334097669380304896,Neutral
1332820594182787072,Neutral
1332628044067065856,Neutral
1330830571333890048,Positive
1330597037713321984,Positive
1329852460639334400,Negative
1329466701373726720,Neutral
1329389742752997376,Positive
1327020032677863424,Positive
1324985758822899712,Negative
1324856183283453952,Negative
1324299790511984640,Neutral
1324014382066651136,Neutral
1324013426067361792,Neutral
1321854687860195328,Negative
1320263573759811584,Negative
1320258972004372480,Negative
1319620832398815232,Neutral
1318659050729517056,Negative
1318258591036592128,Negative
1318071531327586304,Negative
1317927904861446144,Negative
1317545244896890880,Neutral
1317162752276824064,Neutral
1316634482783510528,Neutral
1316489966206189568,Neutral
1316489655295127552,Neutral
1316404746643701760,Neutral
1316357411385507840,Neutral
1316355762176888832,Neutral
1316304727022411776,Neutral
1316196305241280512,Neutral
1316087216368541696,Neutral
1316049767558938624,Neutral
1313394329524875264,Positive
1313246246988120064,Positive
1312341662652338176,Neutral
1312325941654441984,Positive
1311992661952335872,Positive
1311935065685929984,Positive
1311790246061846528,Neutral
1311761195041468416,Positive
1311760861623717888,Positive
1311735889836609536,Positive
1311714056382840832,Positive
1311710847320944640,Positive
1311707339402215424,Positive
1311702024505917440,Positive
1311699685996990464,Positive
1311698956691402752,Positive
1311697729987457024,Positive
1311695235450310656,Positive
1308715216587325440,Positive
1308306631193698304,Positive
1308305086087487488,Positive
1306608755396796416,Negative
1306140311173955584,Positive
1306139775703937024,Positive
1305827111165399040,Positive
1305823876656574464,Positive
1305820108607172608,Positive
1305756189612007424,Positive
1305741291104464896,Positive
1305604601014628352,Positive
1305593516471586816,Positive
1305573891583205376,Positive
1305570359199006720,Positive
1305559757344911360,Positive
1305553479176531968,Positive
1305548529977511936,Positive
1305548511908450304,Positive
1305548410049753088,Positive
1305548342303350784,Positive
1305542605137211392,Positive
1305449276139597824,Neutral
1305448618166542336,Neutral
1305445586980798464,Neutral
1302327093636800512,Positive
1301446938269822976,Neutral
1301293585107648512,Neutral
1301233704518537216,Neutral
1301233312745299968,Positive
1301232651790094336,Positive
1301188011942719488,Neutral
1301178861619744768,Positive
1301163013756661760,Neutral
1301161976870076416,Neutral
1301161158112669696,Neutral
1301160138343145472,Positive
1301153019980140544,Positive
1301130914496479232,Neutral
1301130428640829440,Neutral
1301127873617682432,Neutral
1301127438278291456,Neutral
1301113091812405248,Positive
1301046814007873536,Positive
1300922035800080384,Positive
1300915099146883072,Positive
1300833546085502976,Positive
1300829942855467008,Positive
1300810030590103552,Positive
1300776000909987840,Positive
1300760344814645248,Positive
1300756568963776512,Positive
1300749855669866496,Positive
1300746212602150912,Positive
1300736074373791744,Positive
1300735925509656576,Positive
1300735728931008512,Positive
1300734462213451776,Positive
1300733277691621376,Positive
1300732109267570688,Positive
1300714987380506624,Positive
1300714619015753728,Positive
1300714589248720896,Positive
1300709846417920000,Positive
1300707000926580736,Positive
1300701612877508608,Positive
1300701593478803456,Positive
1300701255157927936,Positive
1300699496310083584,Positive
1300697440253870080,Positive
1300694752703188992,Positive
1299838273360199680,Positive
1297433357882724352,Positive
1297200910775586816,Positive
1297199011473096704,Positive
1297157910900989952,Positive
1297101748532895744,Positive
1297090068327399424,Positive
1297088263589711872,Positive
1297087532035969024,Positive
1297085025154936832,Positive
1297071833586511872,Positive
1297058069441130496,Positive
1297052868764217344,Positive
1297046651752853504,Positive
1296975888337317888,Positive
1296932760775516160,Positive
1296927380553031680,Positive
1296916956801634304,Positive
1296914636621713408,Positive
1296909065038241792,Positive
1296906983019356160,Positive
1296906277046681600,Positive
1296905895998357504,Positive
1296904111217152000,Positive
1296899679620345856,Positive
1296855981385830400,Positive
1296848048346333184,Positive
1296847835355209728,Positive
1296846366304608256,Positive
1296846013580410880,Positive
1296845576571674624,Positive
1296845418786099200,Positive
1296844715720167424,Positive
1296838642204315648,Positive
1296835659081154560,Positive
1296830023756926976,Positive
1296827755552804864,Positive
1296825556093329408,Positive
1296825147983306752,Positive
1296824776196005888,Positive
1296823505766449152,Positive
1296823446438019072,Positive
1296822791363321856,Positive
1296822478115868672,Positive
1296821835238178816,Positive
1296820680298844160,Positive
1296818242107957248,Positive
1296817856814997504,Positive
1296816770603520000,Positive
1296816543368728576,Positive
1296815807817711616,Positive
1296815457543102464,Positive
1296814977626583040,Positive
1296814762911846400,Positive
1296814424620249088,Positive
1296813747722477568,Positive
1296813526334545920,Positive
1296813461050204160,Positive
1296813395069538304,Positive
1296813149992214528,Positive
1296812737830453248,Positive
1296812528941621248,Positive
1296812483643138048,Positive
1296811313616781312,Positive
1295885812488445952,Positive
1292869766579970048,Neutral
1290309197834272768,Positive
1288181256094724096,Positive
1288033415187632128,Positive
1287980106204487680,Positive
1287862818323210240,Positive
1287861123639922688,Neutral
1287854239008673792,Positive
1287845169056878592,Positive
1287844401981657088,Positive
1287811151452082176,Positive
1287752303550881792,Positive
1287745813326827520,Positive
1287736034437009408,Positive
1287732831150645248,Positive
1287726314825437184,Positive
1287725473548599296,Positive
1287719088232505344,Positive
1287715864750559232,Positive
1287705248992288768,Positive
1287694036468412416,Positive
1287690510040281088,Positive
1287689145008173056,Positive
1287685590117502976,Positive
1287684945570340864,Positive
1287683318671200256,Positive
1287682014108438528,Positive
1287680408327524352,Positive
1287680238894354432,Positive
1287679668250972160,Positive
1287679096030408704,Positive
1287302052406796288,Negative
1286247974339784704,Neutral
1280072849676525568,Negative
1280071155509010432,Negative
1279931274476449792,Negative
1279876445616115712,Neutral
1279866748733448192,Neutral
1279835148524171264,Positive
1279810905073766400,Positive
1279792152856260608,Positive
1279789813940596736,Positive
1279744068642377728,Positive
1279738752743735296,Neutral
1279698995057696768,Positive
1278602257781723136,Neutral
1278334823787114496,Neutral
1278073531474104320,Positive
1277939811765104640,Positive
1277939793494773760,Positive
1275175790875901952,Neutral
1275167194398240768,Negative
1272537273813422080,Neutral
1272329155875569664,Neutral
1272218070799601664,Neutral
1272202822436651008,Neutral
1272045254179520512,Neutral
1271744397508595712,Neutral
1271597992932450304,Neutral
1271579984075853824,Neutral
1271575336686362624,Neutral
1271534541925203968,Neutral
1271520988627378176,Neutral
1271511539237994496,Neutral
1271508315760181248,Neutral
1271482694963286016,Neutral
1271482267936919552,Neutral
1271480623769751552,Neutral
1271479103640817664,Neutral
1271479028722151424,Neutral
1271475781672321024,Neutral
1271475454227230720,Neutral
1271475152883154944,Neutral
1271474054898356224,Neutral
1271473976032796672,Neutral
1270609587121664000,Neutral
1270252907083030528,Neutral
1269316191698419712,Negative
1268637178114068480,Neutral
1268481506420371456,Negative
1267437658550263808,Neutral
1267009573342392320,Neutral
1266845764212359168,Neutral
1266843431659323392,Neutral
1266733099242717184,Neutral
1266645587098767360,Negative
1266378864827101184,Neutral
1266365749498507264,Neutral
1266354104273698816,Neutral
1266335970946945024,Neutral
1266333902731436032,Neutral
1266316340106801152,Negative
1266306248632393728,Neutral
1266300208293359616,Neutral
1266293301025492992,Neutral
1266291434870599680,Neutral
1266290072078258176,Neutral
1266269597646254080,Neutral
1266254853216497664,Neutral
1266239562155610112,Neutral
1266222000139317248,Neutral
1266178506276339712,Neutral
1266173289665347584,Neutral
1266151527212896256,Neutral
1266151023355232256,Neutral
1266139688340987904,Neutral
1266118821762469888,Neutral
1266117533855371264,Neutral
1266102046337441792,Neutral
1266099597044256768,Neutral
1266099249193910272,Neutral
1266098589404729344,Neutral
1266097084144537600,Neutral
1266093593577623552,Neutral
1266092487862607872,Neutral
1266092346095140864,Neutral
1266090631509704704,Neutral
1266087848664596480,Neutral
1266087334925283328,Neutral
1266087087478095872,Neutral
1266086564796358656,Neutral
1266084591460376576,Neutral
1266083876834770944,Neutral
1266083249442390016,Neutral
1266083154978373632,Neutral
1266082786206777344,Neutral
1266081879343673344,Neutral
1266080665759559680,Neutral
1266080174535249920,Neutral
1266079747001528320,Neutral
1266079668672835584,Neutral
1266079178987839488,Neutral
1266078854705221632,Neutral
1266078758022217728,Neutral
1265384518992740352,Positive
1264592348983578624,Positive
1264551579593707520,Positive
1264162688868982784,Positive
1264098286518108160,Positive
1264087726174937088,Positive
1263888257873395712,Positive
1263881671029465088,Positive
1263875625435226112,Positive
1263868374024687616,Positive
1263857461208985600,Positive
1263832965630615552,Positive
1263811249470570496,Positive
1263772161120129024,Positive
1263748686259073024,Positive
1263748651748376576,Positive
1263740554862616576,Positive
1263739162261360640,Positive
1263735345729941504,Positive
1263731100842672128,Positive
1263729576477425664,Positive
1263723681894805504,Positive
1263721504887488512,Positive
1263697646025412608,Positive
1263691619049627648,Positive
1263656817248415744,Positive
1263654567562162176,Positive
1263623191802662912,Positive
1263618018355097600,Positive
1263605213266673664,Positive
1263598281315151872,Positive
1263596533594775552,Positive
1263591461758496768,Positive
1263586785738682368,Positive
1263585759455371264,Positive
1263581410201235456,Positive
1263569612228169728,Positive
1263569384041218048,Positive
1263566245170987008,Positive
1263562947990900736,Positive
1263562793212694528,Positive
1263562232715247616,Positive
1263562180118679552,Positive
1263559135079038976,Positive
1263559122793967616,Positive
1263557279477096448,Positive
1263555569119567872,Positive
1263553931671674880,Positive
1263550201295405056,Positive
1263549490633617408,Positive
1263548543626809344,Positive
1263547804091404288,Positive
1263545472003780608,Positive
1263545128653914112,Positive
1263544481216954368,Positive
1263544308952596480,Positive
1263543982623272960,Positive
1263543427192565760,Positive
1263542344009293824,Positive
1263542200488640512,Positive
1263541697683902464,Positive
1263541643170414592,Positive
1263540651720835072,Positive
1263540570493980672,Positive
1263540166448291840,Positive
1263539791762685952,Positive
1263539550573355008,Positive
1263539121793966080,Positive
1263202944125554688,Negative
1260495629945638912,Neutral
1259598209409847296,Neutral
1259564370142679040,Neutral
1258043837123092480,Neutral
1257333656710008832,Neutral
1257303253814919168,Neutral
1256982383066316800,Neutral
1256883834911629312,Neutral
1256715966790152192,Neutral
1256479708851523584,Neutral
1256420819733020672,Neutral
1256179546686193664,Negative
1256132738895228928,Neutral
1256132611866583040,Neutral
1256117983589564416,Neutral
1255957464127766528,Positive
1255943300365852672,Neutral
1255853197803085824,Neutral
1255835808076107776,Neutral
1255821744411226112,Neutral
1255808546140229632,Neutral
1255802064409591808,Neutral
1255801875745648640,Positive
1255800886980460544,Neutral
1255800021150302208,Neutral
1255799208394833920,Neutral
1255792550151143424,Positive
1255791417143812096,Neutral
1255790633215762432,Neutral
1255790428600897536,Neutral
1255784561541353472,Neutral
1255778056356192256,Neutral
1255775067516043264,Neutral
1255774102461263872,Neutral
1255774026707984384,Neutral
1255771210186665984,Neutral
1255759629939851264,Neutral
1255759242759491584,Neutral
1255744383997169664,Neutral
1255739509918089216,Neutral
1255734460420677632,Neutral
1255713985497792512,Neutral
1255633500012785664,Neutral
1255612118633758720,Neutral
1255607285247860736,Neutral
1255606063270952960,Neutral
1255602936933240832,Neutral
1255601954555822080,Neutral
1255592071563526144,Neutral
1255589283848761344,Neutral
1255582104114642944,Neutral
1255578780661420032,Neutral
1255560151467253760,Neutral
1255528902958645248,Neutral
1255517501716340736,Neutral
1255508987014975488,Neutral
1255500655785136128,Neutral
1255493730892734464,Neutral
1255493086291124224,Neutral
1255481744888922112,Neutral
1255481319074811904,Neutral
1255477414861438976,Neutral
1255475665652064256,Neutral
1255473955068092416,Neutral
1255472309751742464,Neutral
1255470801077362688,Neutral
1255470216684941312,Neutral
1255469400062414848,Neutral
1255468024729145344,Neutral
1255465351124484096,Neutral
1255464884051066880,Neutral
1255461217092751360,Neutral
1255457841244143616,Neutral
1255455802854383616,Neutral
1255454765384970240,Neutral
1255454451978166272,Neutral
1255454339671494656,Neutral
1255453413393010688,Neutral
1255453103647842304,Neutral
1255451809193361408,Neutral
1255451476861890560,Neutral
1255449599281713152,Neutral
1255448560293855232,Neutral
1255447521255657472,Neutral
1255446077379141632,Neutral
1255443862551769088,Neutral
1255441750493138944,Neutral
1255439919218069504,Neutral
1255439022203248640,Neutral
1255435854585237504,Neutral
1255435612712247296,Neutral
1255429562449747968,Neutral
1255428164748283904,Neutral
1255428108456517632,Neutral
1255427461166350336,Neutral
1255427176905748480,Neutral
1255427028637097984,Neutral
1255426611836522496,Neutral
1255424635535077376,Neutral
1255424567276961792,Neutral
1255424110508879872,Neutral
1255422333151518720,Neutral
1255421566961225728,Neutral
1255421539530481664,Neutral
1255419891529760768,Neutral
1255419722650341376,Neutral
1255419283208900608,Neutral
1255419270005170176,Neutral
1255419179672440832,Neutral
1255417746982080512,Neutral
1255416818384150528,Neutral
1255416624968077312,Neutral
1255416619775426560,Neutral
1255415966512619520,Neutral
1255414946206306304,Neutral
1255414908705026048,Neutral
1255414539274915840,Neutral
1255414215248171008,Neutral
1255413977858945024,Neutral
1255413579441934336,Neutral
1255413410608697344,Neutral
1255412230524370944,Neutral
1255411561742635008,Neutral
1255411408134721536,Neutral
1255411223568547840,Neutral
1255411222738014208,Neutral
1255408913266225152,Neutral
1255408593798602752,Neutral
1255408228160221184,Neutral
1255407638520770560,Neutral
1255407627284164608,Neutral
1255407508555993088,Neutral
1255407098713853952,Neutral
1255406918580998144,Neutral
1255406382016278528,Neutral
1255406029711564800,Neutral
1255405890624278528,Neutral
1255405806419415040,Neutral
1255405269619814400,Neutral
1255404878756806656,Neutral
1255404173530669056,Neutral
1255403231926157312,Neutral
1255402836743147520,Neutral
1255402692920455168,Neutral
1255402225939222528,Neutral
1255402065683197952,Neutral
1255401949266149376,Neutral
1255400435567013888,Neutral
1255400005038415872,Neutral
1255399909953613824,Neutral
1255399743628496896,Neutral
1255399597738000384,Neutral
1255399257529614336,Neutral
1255399053292167168,Neutral
1255398835544821760,Neutral
1255398661724475392,Neutral
1255398489883848704,Neutral
1255398472536162304,Neutral
1255398461303898112,Neutral
1255398386506792960,Neutral
1255397985392955392,Neutral
1255397152639115264,Neutral
1255396920161419264,Neutral
1255396843527319552,Neutral
1255396755304316928,Neutral
1255396724950077440,Neutral
1255396622470647808,Neutral
1255396483379191808,Neutral
1255396318513692672,Neutral
1255396134056574976,Neutral
1255395947607142400,Neutral
1255395789662294016,Neutral
1255395708183678976,Neutral
1255395690756407296,Neutral
1255395286337323008,Neutral
1254734938659852288,Neutral
1254349580440870912,Neutral
1254170939996147712,Neutral
1254170774245724160,Neutral
1254027504798629888,Neutral
1254020609547350016,Neutral
1254020194026078208,Neutral
1254017194083704832,Neutral
1253977541477650432,Negative
1253972774286229504,Neutral
1253970683543126016,Neutral
1253959551222775808,Neutral
1253802863354093568,Neutral
1253754786995896320,Neutral
1253729528612098048,Neutral
1253727218917953536,Neutral
1253725877856337920,Neutral
1253700456259469312,Neutral
1253657787940429824,Neutral
1253656734054350848,Neutral
1253639815347789824,Neutral
1253623827298488320,Neutral
1253615615098728448,Positive
1253585363773390848,Neutral
1253465910377156608,Neutral
1253442873426665472,Neutral
1253441222447960064,Neutral
1253437536728420352,Neutral
1253430573168594944,Positive
1253426874635542528,Neutral
1253419378755792896,Neutral
1253413548274794496,Neutral
1253403687696896000,Neutral
1253386697565446144,Neutral
1253385492172877824,Neutral
1253380225272070144,Neutral
1253377187153170432,Neutral
1253374590308548608,Neutral
1253368307257880576,Neutral
1253359789419134976,Neutral
1253357383029530624,Neutral
1253356687395893248,Neutral
1253351548425580544,Neutral
1253345923670949888,Neutral
1253329869875712000,Neutral
1253329220165488640,Neutral
1253329062136700928,Neutral
1253325920095440896,Neutral
1253324894785294336,Neutral
1253324521131569152,Neutral
1253318232611516416,Neutral
1253314369426821120,Neutral
1253312703680131072,Neutral
1253312139890167808,Neutral
1253310435387863040,Neutral
1253308611494895616,Neutral
1253305804108824576,Neutral
1253305642237997056,Neutral
1253305569794023424,Neutral
1253305429452632064,Neutral
1253300701385707520,Neutral
1253298292475277312,Neutral
1253293603469897728,Neutral
1253291220174061568,Neutral
1253283838551302144,Neutral
1253274852561207296,Neutral
1253273582819573760,Neutral
1253269750890803200,Neutral
1253267114531655680,Neutral
1253262676786118656,Neutral
1253259859988025344,Neutral
1253256907663519744,Neutral
1253256619762294784,Neutral
1253256251053654016,Neutral
1253256015379906560,Neutral
1253255820898426880,Neutral
1253255315644125184,Neutral
1253254663555764224,Neutral
1253254570773446656,Neutral
1253254110876401664,Neutral
1253253360813211648,Neutral
1253253178952425472,Neutral
1253252900018696192,Neutral
1253252344118235136,Neutral
1253251664137654272,Neutral
1253250739327164416,Neutral
1253249533326262272,Neutral
1253248531583979520,Neutral
1253247920628957184,Neutral
1253246219842916352,Neutral
1253244032119177216,Neutral
1253243533500264448,Neutral
1253242773005885440,Neutral
1253242592550105088,Neutral
1253241751437000704,Neutral
1253241271315050496,Neutral
1253241100464271360,Neutral
1253240036922925056,Neutral
1253239603613642752,Neutral
1253239202336079872,Neutral
1253237960507625472,Neutral
1253237862096568320,Neutral
1253237186952073216,Neutral
1253237104584339456,Neutral
1253236447508934656,Neutral
1253235875451940864,Neutral
1253235065250811904,Neutral
1253234672546582528,Neutral
1253232798170669056,Neutral
1253232767426605056,Neutral
1253232056496263168,Neutral
1253231752127975424,Neutral
1253231558691037184,Neutral
1253231506073554944,Neutral
1253231194440941568,Neutral
1253231161259802624,Neutral
1253230815959552000,Neutral
1253230688708542464,Neutral
1253230402535329792,Neutral
1253230146359869440,Neutral
1253229934832685056,Neutral
1253229815110479872,Neutral
1253229172421509120,Neutral
1253229114271707136,Neutral
1253228788416155648,Neutral
1253228718941667328,Neutral
1253228618660098048,Neutral
1253227777584779264,Neutral
1253227096651915264,Neutral
1253226773308989440,Neutral
1253226632057405440,Neutral
1253226540336402432,Neutral
1253225721218117632,Neutral
1253225222670635008,Neutral
1253224422292537344,Neutral
1253224418983186432,Neutral
1253224369058385920,Neutral
1253224026102784000,Neutral
1253224013033283584,Neutral
1253223752512536576,Neutral
1253223545624281088,Neutral
1253223414686507008,Neutral
1253223405748465664,Neutral
1253223222813876224,Neutral
1253223127313776640,Neutral
1253223051501752320,Neutral
1253221434320662528,Neutral
1253221388833488896,Neutral
1253221303349362688,Neutral
1253221288409214976,Neutral
1253221221564592128,Neutral
1253220509669523456,Neutral
1253220339175350272,Neutral
1253219977425027072,Neutral
1253219624323354624,Neutral
1253219598775848960,Neutral
1253219543725506560,Neutral
1253219483470237696,Neutral
1253219405019914240,Neutral
1253219106842710016,Neutral
1253218697864531968,Neutral
1253218533833670656,Neutral
1253218509171146752,Neutral
1253218368741609472,Neutral
1253218279923027968,Neutral
1253218025949540352,Neutral
1253217917925298176,Neutral
1253217854666739712,Neutral
1253217691021836288,Neutral
1253217684839424000,Neutral
1253217679214809088,Neutral
1253217313161183232,Neutral
1253104482767994880,Neutral
1253097194577633280,Neutral
1253067790854086656,Neutral
1253067018632339456,Neutral
1253066971077398528,Negative
1252989451539820544,Neutral
1252913648160423936,Positive
1252609373727330304,Neutral
1252271946986897408,Negative
1250860411659960320,Positive
1250558016765771776,Neutral
1250158617510195200,Neutral
1250105653827375104,Neutral
1250029115996078080,Neutral
1249721798591229952,Neutral
1249717931174494208,Positive
1249696327778385920,Positive
1249688224336949248,Positive
1249651911453745152,Positive
1249651703529574400,Positive
1249589247776043008,Neutral
1249525310707642368,Neutral
1249525132558811136,Neutral
1249305557858729984,Neutral
1249120071420710912,Neutral
1249049217617874944,Neutral
1249020659801432064,Neutral
1248993428840513536,Positive
1248981479897681920,Negative
1248930037673451520,Neutral
1248876433323294720,Neutral
1248720693623128064,Neutral
1248637774925828096,Neutral
1248615079001477120,Neutral
1248581736151334912,Neutral
1248571716688908288,Neutral
1248562390037336064,Neutral
1248508223000174592,Neutral
1248338408457605120,Neutral
1248335281561964544,Neutral
1248328601675710464,Neutral
1248318394883084288,Neutral
1248317828371042304,Neutral
1248299177391656960,Neutral
1248226942517682176,Neutral
1248197328319766528,Neutral
1248173473832275968,Neutral
1248095515532832768,Negative
1248095083162931200,Negative
1248028588902764544,Neutral
1248000444586213376,Neutral
1247986171713642496,Neutral
1247975777272057856,Neutral
1247964528773644288,Neutral
1247954901285601280,Neutral
1247921944214765568,Negative
1247920378204356608,Negative
1247898227195559936,Neutral
1247884663802064896,Neutral
1247876785565360128,Neutral
1247812690065620992,Neutral
1247702457175740416,Neutral
1247649244439330816,Neutral
1247649095767949312,Neutral
1247644852092837888,Neutral
1247639118093389824,Neutral
1247637195906854912,Neutral
1247631551044759552,Neutral
1247630532839686144,Neutral
1247628835740430336,Neutral
1247628245232758784,Neutral
1247627297663979520,Neutral
1247626153839525888,Neutral
1247625729346621440,Neutral
1247620625956573184,Neutral
1247614439970484224,Neutral
1247612952947064832,Neutral
1247610202079268864,Neutral
1247608098883239936,Neutral
1247602940988325888,Neutral
1247599952538341376,Neutral
1247595508337704960,Neutral
1247576573882126336,Neutral
1247570436877058048,Neutral
1247569214715674624,Neutral
1247559966791208960,Neutral
1247558600395980800,Neutral
1247557663308894208,Neutral
1247557275843207168,Neutral
1247556386172604416,Neutral
1247552604797906944,Neutral
1247552579514572800,Neutral
1247551417621110784,Neutral
1247550322190495744,Neutral
1247548124559802368,Neutral
1247547351788650496,Neutral
1247546874925645824,Neutral
1247546566384275456,Neutral
1247545702227599360,Neutral
1247544573825552384,Neutral
1247537109046460416,Neutral
1247536456496582656,Neutral
1247531596648828928,Neutral
1247526189297577984,Positive
1247521166098497536,Neutral
1247515427925680128,Neutral
1247515167685926912,Neutral
1247514271426269184,Neutral
1247512992746438656,Neutral
1247512779579371520,Neutral
1247511156194975744,Neutral
1247510076878983168,Neutral
1247508532435587072,Neutral
1247508473987948544,Neutral
1247506798728359936,Neutral
1247503414143016960,Neutral
1247502334873210880,Neutral
1247501811948441600,Neutral
1247498810407948288,Neutral
1247498254536802304,Neutral
1247497454280495104,Neutral
1247496847461158912,Neutral
1247493125326725120,Neutral
1247492083058958336,Neutral
1247490445816532992,Neutral
1247486964569452544,Neutral
1247486585211322368,Neutral
1247484904968986624,Neutral
1247484519009189888,Neutral
1247481051494170624,Neutral
1247480859223040000,Neutral
1247480481693732864,Neutral
1247480417894248448,Neutral
1247480274604220416,Neutral
1247472097741410304,Neutral
1247469561009577984,Neutral
1247469444793798656,Neutral
1247469387629633536,Neutral
1247467869304217600,Neutral
1247465940457074688,Neutral
1247463371068317696,Neutral
1247461320917745664,Neutral
1247460383092244480,Neutral
1247460279031562240,Neutral
1247458367662108672,Neutral
1247458343800709120,Neutral
1247457139049803776,Neutral
1247455187649925120,Neutral
1247454469840920576,Neutral
1247453808868851712,Neutral
1247453494430310400,Neutral
1247452665228951552,Neutral
1247452430918397952,Neutral
1247452246360698880,Neutral
1247451213026799616,Neutral
1247449232136601600,Neutral
1247448627947212800,Neutral
1247447766646902784,Neutral
1247447271177936896,Neutral
1247447112104783872,Neutral
1247447055850770432,Neutral
1247446906969690112,Neutral
1247446683178459136,Neutral
1247446475816292352,Neutral
1247445758586114048,Neutral
1247445679221415936,Neutral
1247445627073638400,Neutral
1247445500573503488,Neutral
1247445005381271552,Neutral
1247444876951773184,Neutral
1247444642020364288,Neutral
1247444414366089216,Neutral
1247444252470194176,Neutral
1247444039366049792,Neutral
1247443731906736128,Neutral
1247443441556041728,Neutral
1247443033387384832,Neutral
1247442839505690624,Neutral
1247442563721826304,Neutral
1247442528707776512,Neutral
1247442508084371456,Neutral
1247442338710007808,Neutral
1247442210691391488,Neutral
1247442177602486272,Neutral
1247442048145334272,Neutral
1247441894558269440,Neutral
1247441833732562944,Neutral
1247441684679610368,Neutral
1247441077315031040,Neutral
1247440648065765376,Neutral
1247440211732299776,Neutral
1247440009055133696,Neutral
1247439974175293440,Neutral
1247439497635287040,Neutral
1247438963473874944,Neutral
1247438935581753344,Neutral
1247438790186205184,Neutral
1247438603560648704,Neutral
1247437984372318208,Neutral
1247437872250138624,Neutral
1247437716129828864,Neutral
1247436878892187648,Neutral
1247436706745331712,Neutral
1247436566919892992,Neutral
1247436135527219200,Neutral
1247436127272931328,Neutral
1247436018908901376,Neutral
1247435965666332672,Neutral
1247435623985754112,Neutral
1247435439339900928,Neutral
1247435358616379392,Neutral
1247435041619279872,Neutral
1247434954302242816,Neutral
1247434372833214464,Neutral
1247434365363277824,Neutral
1247434197595303936,Neutral
1247433460563808256,Neutral
1247433277167845376,Neutral
1247432621514280960,Neutral
1247432070135250944,Neutral
1247431716446392320,Neutral
1247431628865122304,Neutral
1247431318658592768,Neutral
1247431022272303104,Neutral
1247430890642423808,Neutral
1247430515839336448,Neutral
1247430471182626816,Neutral
1247430231562035200,Neutral
1247428941717045248,Neutral
1247428757121568768,Neutral
1247428525801517056,Neutral
1247428022887682048,Neutral
1247427653763809280,Neutral
1247427555512201216,Neutral
1247427329229492224,Neutral
1247427323030364160,Neutral
1247427282710511616,Neutral
1247427281519329280,Neutral
1247426938639134720,Neutral
1247426734405947392,Neutral
1247426577190793216,Neutral
1247426052076552192,Neutral
1247425444783239168,Neutral
1247425237311987712,Neutral
1247424514679603200,Neutral
1247424422463647744,Neutral
1247424342499229696,Neutral
1247424042740613120,Neutral
1247423936138264576,Neutral
1247423861374795776,Neutral
1247423818366410752,Neutral
1247423753602191360,Neutral
1247423646517399552,Neutral
1247423582159994880,Neutral
1247422323679952896,Neutral
1247421576758337536,Neutral
1247421526896500736,Neutral
1247421182468595712,Neutral
1247420884090060800,Neutral
1247420733480996864,Neutral
1247420641915080704,Neutral
1247420132072263680,Neutral
1247419666491940864,Neutral
1247418904210812928,Neutral
1247418898963673088,Positive
1247418589113651200,Neutral
1247418518498357248,Neutral
1247418306631434240,Neutral
1247418236972515328,Neutral
1247418207725649920,Neutral
1247418088804548608,Neutral
1247417667436371968,Neutral
1247417599111151616,Neutral
1247416698707329024,Neutral
1247416691283431424,Neutral
1247416646584676352,Neutral
1247416645611655168,Neutral
1247416489726050304,Neutral
1247415816435400704,Neutral
1247415769564151808,Neutral
1247415751662874624,Neutral
1247415386808750080,Neutral
1247414908288974848,Neutral
1247414466834313216,Neutral
1247414268892516352,Neutral
1247414223896023040,Neutral
1247414201817141248,Neutral
1247414105901797376,Neutral
1247413852943323136,Neutral
1247413559119818752,Neutral
1247413126607355904,Neutral
1247413109263937536,Neutral
1247413033284112384,Neutral
1247412650604199936,Neutral
1247412553057284096,Neutral
1247412496731975680,Neutral
1247412299125702656,Neutral
1247412000436649984,Neutral
1247411536219570176,Neutral
1247411519719182336,Neutral
1247411451083608064,Neutral
1247411418103721984,Neutral
1247411389284724736,Neutral
1247411357919608832,Neutral
1247411221525155840,Neutral
1247411001324158976,Neutral
1247410978498715648,Neutral
1247410799695532032,Neutral
1247410706611408896,Neutral
1247410614470918144,Neutral
1247410606929575936,Neutral
1247410538944114688,Neutral
1247410348715540480,Neutral
1247410272454705152,Neutral
1247201827290001408,Neutral
1247198657348358144,Negative
1246376106942443520,Neutral
1246367328222294016,Positive
1246364087778410496,Neutral
1246336443271741440,Negative
1245827956695416832,Positive
1245612177660071936,Neutral
1245432167758548992,Negative
1245109143167545344,Neutral
1245082644527923200,Neutral
1244317368530149376,Neutral
1244266365806170112,Neutral
1244248089864687616,Neutral
1244207404541247488,Positive
1244041102694506496,Neutral
1244013568028278784,Neutral
1243717781587140608,Positive
1243546591438475264,Neutral
1243487208792825856,Neutral
1243460665572044800,Positive
1243436299694084096,Positive
1243341797650313216,Positive
1243340456177684480,Positive
1243288603888889856,Neutral
1243271950245429248,Neutral
1243271644199694336,Positive
1243258845457154048,Neutral
1243215105887789056,Neutral
1243155501698945024,Neutral
1243002988488208384,Neutral
1242948959666163712,Positive
1242941859128913920,Neutral
1242878751786053632,Neutral
1242849127337205760,Neutral
1242846819434016768,Neutral
1242839681701679104,Neutral
1242835221038403584,Neutral
1242830186682429440,Neutral
1242828525666807808,Neutral
1242815691910197248,Neutral
1242815453954813952,Neutral
1242810990280015872,Neutral
1242809606390366208,Neutral
1242808926506299392,Neutral
1242805446861361152,Neutral
1242805207655948288,Neutral
1242804514094231552,Neutral
1242800008862339072,Neutral
1242797343801475072,Neutral
1242787509429510144,Neutral
1242779047177990144,Neutral
1242778554397593600,Neutral
1242778315452305408,Neutral
1242764984574185472,Neutral
1242764818857287680,Neutral
1242763068066729984,Neutral
1242762527890685952,Neutral
1242753278691196928,Neutral
1242748883287105536,Neutral
1242747848879415296,Neutral
1242747604766687232,Neutral
1242745762007650304,Neutral
1242742374356451328,Neutral
1242741778182295552,Neutral
1242740593966452736,Neutral
1242739425366474752,Neutral
1242732382928723968,Neutral
1242730931481382912,Neutral
1242726046870487040,Neutral
1242723577289412608,Neutral
1242720625246027776,Neutral
1242720175868325888,Neutral
1242720168532414464,Neutral
1242716523619332096,Neutral
1242714069666316288,Neutral
1242711998690967552,Neutral
1242708783685668864,Neutral
1242708136210956288,Neutral
1242704114649313280,Neutral
1242704061662666752,Neutral
1242703679041318912,Neutral
1242702977087025152,Neutral
1242701787720810496,Neutral
1242694817194356736,Neutral
1242694160236363776,Neutral
1242694117223735296,Neutral
1242692876104077312,Neutral
1242691075132686336,Neutral
1242690480804179968,Neutral
1242680987663896576,Neutral
1242678914394345472,Neutral
1242669971383242752,Neutral
1242668120956907520,Neutral
1242666419847942144,Neutral
1242662148544831488,Neutral
1242658786369814528,Neutral
1242653121798684672,Neutral
1242642481172316160,Neutral
1242641468638072832,Neutral
1242632294940229632,Positive
1242626680251985920,Neutral
1242624285174366208,Neutral
1242622255517044736,Neutral
1242616618926120960,Neutral
1242612378807816192,Neutral
1242611933645340672,Neutral
1242607715853139968,Neutral
1242601442168406016,Neutral
1242597375329402880,Neutral
1242594744179572736,Neutral
1242592187512164352,Neutral
1242591767926620160,Neutral
1242591734091190272,Neutral
1242589719776591872,Neutral
1242587297545150464,Neutral
1242585932420784128,Neutral
1242584912437432320,Neutral
1242583774900228096,Neutral
1242583180290469888,Neutral
1242580774458662912,Neutral
1242579261497761792,Neutral
1242578505675800576,Neutral
1242578102133415936,Neutral
1242578066490249216,Neutral
1242576908786831360,Neutral
1242576260737437696,Neutral
1242571603956895744,Neutral
1242568352901537792,Neutral
1242567932514840576,Neutral
1242567687622012928,Neutral
1242567354887831552,Neutral
1242566982156922880,Neutral
1242566076170469376,Neutral
1242565653007077376,Neutral
1242564785851547648,Neutral
1242561924954537984,Neutral
1242561773888307200,Neutral
1242561415979970560,Neutral
1242561362888404992,Neutral
1242561234924380160,Neutral
1242560986525155328,Neutral
1242560585423818752,Neutral
1242560112520302592,Neutral
1242559566052761600,Neutral
1242559011293200384,Neutral
1242558056023506944,Neutral
1242557569379504128,Neutral
1242554886258122752,Neutral
1242554791722655744,Neutral
1242554422191890432,Neutral
1242551566223183872,Neutral
1242551510325587968,Neutral
1242551226514001920,Neutral
1242551125301252096,Neutral
1242550054336020480,Neutral
1242549940422946816,Neutral
1242549812643454976,Neutral
1242549610075369472,Positive
1242549362338729984,Neutral
1242548543656808448,Neutral
1242548093826076672,Neutral
1242547445885816832,Neutral
1242546593619984384,Neutral
1242545813143904256,Neutral
1242543610932969472,Neutral
1242543577672159232,Neutral
1242543462475595776,Neutral
1242541223400873984,Neutral
1242540644582723584,Neutral
1242540195335061504,Neutral
1242540150409826304,Neutral
1242539900211277824,Neutral
1242539079931179008,Neutral
1242538181725237248,Neutral
1242536658337226752,Neutral
1242536181734281216,Neutral
1242535756297646080,Neutral
1242534668626538496,Neutral
1242534666642612224,Neutral
1242534590138454016,Neutral
1242534238983000064,Neutral
1242534036029034496,Neutral
1242533878453198848,Neutral
1242533813714108416,Neutral
1242533579218968576,Neutral
1242533466547331072,Neutral
1242533061910298624,Neutral
1242532872285753344,Neutral
1242532542357659648,Neutral
1242532113536233472,Neutral
1242531969944223744,Neutral
1242531725093285888,Neutral
1242531413565546496,Neutral
1242531400936566784,Neutral
1242531373698744320,Neutral
1242531172489584640,Neutral
1242531145151021056,Neutral
1242530812165226496,Neutral
1242530671370874880,Neutral
1242530667541540864,Neutral
1242530327467192320,Neutral
1242530272719110144,Neutral
1242530170034143232,Neutral
1242529557254676480,Neutral
1242529357979160576,Neutral
1242528720826613760,Neutral
1242528665596035072,Neutral
1242527998265483264,Neutral
1242527800927666176,Neutral
1242527787786911744,Neutral
1242527425453535232,Neutral
1242527279118536704,Neutral
1242527135551586304,Neutral
1242526766733893632,Neutral
1242526745795997696,Neutral
1242525987943993344,Neutral
1242525971250544640,Neutral
1242525930012147712,Neutral
1242525164832727040,Neutral
1242524949635629056,Neutral
1242524862696034304,Neutral
1242524848188018688,Neutral
1242524580020920320,Neutral
1242524516162699264,Neutral
1242524509405577216,Neutral
1242524394431426560,Neutral
1242524046597730304,Neutral
1242523886857719808,Neutral
1242523748068134912,Neutral
1242523581902356480,Neutral
1242523525874954240,Neutral
1242523410506407936,Neutral
1242523367644762112,Neutral
1242523327069126656,Neutral
1242523194164158464,Neutral
1242523159439577088,Neutral
1242523149113098240,Neutral
1242523133518794752,Neutral
1242522853918093312,Neutral
1242522676192776192,Neutral
1242522672992526336,Neutral
1242522418553540608,Neutral
1242522223933558784,Neutral
1242522126550274048,Neutral
1242522003137073152,Neutral
1242522000108724224,Neutral
1242521929472520192,Neutral
1242521533937078272,Neutral
1242521485333454848,Neutral
1242521425233227776,Neutral
1242521270195027968,Neutral
1242521259633770496,Neutral
1242521213521534976,Neutral
1242520989256290304,Neutral
1242520952338100224,Neutral
1242520924777336832,Neutral
1242520758523506688,Neutral
1242520708380581888,Neutral
1242520632232943616,Neutral
1242520595620868096,Neutral
1242520590780596224,Neutral
1242520466692153344,Neutral
1242520443287932928,Neutral
1242520316737466368,Neutral
1242520284990767104,Neutral
1242520258893746176,Neutral
1242520126181838848,Neutral
1242520081009127424,Neutral
1242520073635606528,Neutral
1242519922451898368,Neutral
1242519845503188992,Neutral
1242519822036066304,Neutral
1242519812657512448,Neutral
1242519722551320576,Neutral
1242519714556977152,Neutral
1242519685263953920,Neutral
1242519651990593536,Neutral
1242519640506540032,Neutral
1242519582755246080,Neutral
1242519579554910208,Neutral
1242519443282046976,Neutral
1242519425640796160,Neutral
1242519414018367488,Neutral
1242519411019452416,Neutral
1242519407022219264,Neutral
1242519353049976832,Neutral
1242519351149957120,Neutral
1242519320418287616,Neutral
1242519299258023936,Neutral
1242519296649166848,Neutral
1242519290252791808,Neutral
1242519287975337984,Neutral
1242519276742991872,Neutral
1242519270854135808,Neutral
1242519267775561728,Neutral
1242519257310801920,Neutral
1242519243893157888,Neutral
1242519239606571008,Neutral
1242519236544733184,Neutral
1242519234925801472,Neutral
1242519214877028352,Neutral
1242519207947964416,Neutral
1242519130424643584,Neutral
1242518894226673664,Neutral
1242518035237425152,Neutral
1242517487515770880,Neutral
1242517339284873216,Neutral
1242517130056273920,Neutral
1242517057318653952,Neutral
1242516963601022976,Neutral
1242516870193795072,Neutral
1242516827412070400,Neutral
1242516684621131776,Neutral
1242516622344163328,Neutral
1242515138084823040,Neutral
1242515125078196224,Neutral
1242514896811589632,Neutral
1242514817447067648,Neutral
1242514762291970048,Neutral
1242514757636284416,Neutral
1242514687671091200,Neutral
1242514684705718272,Neutral
1242514345101266944,Neutral
1242513951788806144,Neutral
1242513824663642112,Neutral
1242513695256838144,Neutral
1242513662826422272,Neutral
1242513524040945664,Neutral
1242513197237538816,Neutral
1242512766444941312,Neutral
1242512529802309632,Neutral
1242512505177542656,Neutral
1242512492678598656,Neutral
1242512390454939648,Neutral
1242511899457138688,Neutral
1242511883678162944,Neutral
1242511770838851584,Neutral
1242511450616352768,Neutral
1242511219740889088,Neutral
1242511071564517376,Neutral
1242511064161452032,Neutral
1242511033576697856,Neutral
1242510860955901952,Neutral
1242510708719443968,Neutral
1242510448072761344,Neutral
1242510424400158720,Neutral
1242510394616406016,Neutral
1242510393794277376,Neutral
1242510388589219840,Neutral
1242510377801433088,Neutral
1242510357865865216,Neutral
1242510330464477184,Neutral
1242510296582959104,Neutral
1242510212642344960,Neutral
1242510130022932480,Neutral
1242510104592818176,Neutral
1242509858563334144,Neutral
1242509592078299136,Neutral
1242509545567588352,Neutral
1242509510939467776,Neutral
1242509509454692352,Neutral
1242509422489935872,Neutral
1242509345641902080,Neutral
1242509311185739776,Neutral
1242509227987435520,Neutral
1242509194894487552,Neutral
1242509189819269120,Neutral
1242504264997654528,Negative
1242439766324523008,Positive
1242409741252509696,Positive
1242408031020879872,Positive
1242393594796945408,Positive
1242383298300710912,Positive
1242373745395859456,Positive
1242370028479172608,Positive
1242254860537466880,Neutral
1242207441988866048,Positive
1242191185424404480,Positive
1242181866754650112,Positive
1242171125091766272,Positive
1242167589549355008,Positive
1242166493288284160,Positive
1242166464741806080,Positive
1242160555428806656,Positive
1242157982072406016,Positive
1242156511935311872,Positive
1242155806595993600,Positive
1242154159912206336,Positive
1242152827855798272,Positive
1242152056670097408,Positive
1242151678138372096,Positive
1242151087349604352,Positive
1242150511350108160,Positive
1242150099536482304,Positive
1242149589572104192,Positive
1242149439655067648,Positive
1242149396566982656,Positive
1242149354141614080,Positive
1242149315528790016,Positive
1242148955493982208,Positive
1242148427057836032,Positive
1242147076139515904,Neutral
1242146741681623040,Negative
1242086023984820224,Positive
1242081745715048448,Positive
1242073182175137792,Positive
1242049243835138048,Positive
1242046637461168128,Positive
1242045426917933056,Positive
1242043578404265984,Positive
1242042481673461760,Positive
1242037140021706752,Positive
1242034393759322112,Positive
1242032990747791360,Positive
1242029398141939712,Positive
1242015389132951552,Positive
1242013341444423680,Neutral
1242010681806852096,Positive
1242006825303769088,Positive
1242005796277420032,Positive
1242004026243284992,Positive
1242002535059197952,Positive
1242002318020706304,Positive
1242002261619982336,Positive
1242001697146314752,Positive
1242000219002339328,Positive
1241998811725250560,Positive
1241998016489361408,Positive
1241210270099406848,Positive
1241092446831984640,Positive
1241011218724401152,Positive
1240907936056184832,Positive
1240800832335077376,Positive
1240356612197494784,Neutral
1240323743144124416,Negative
1240321245134151680,Negative
1240258639430115328,Neutral
1239625143757852672,Neutral
1239223309138571264,Neutral
1238943255821201408,Neutral
1238941224909881344,Neutral
1238243227943292928,Positive
1237708454363627520,Positive
1237708388726976512,Positive
1237706946733621248,Positive
1237706575550259200,Neutral
1237361603991023616,Neutral
1237361594981650432,Neutral
1237327947142500352,Neutral
1237327447680593920,Neutral
1237327345180119040,Neutral
1237324834088067072,Neutral
1237324153528688640,Neutral
1237128887508832256,Neutral
1235842027901730816,Positive
1235667371097903104,Positive
1235542740361977856,Positive
1235504902950043648,Positive
1233024007366205440,Neutral
1232633935177420800,Neutral
1232630596020703232,Neutral
1231675514852642816,Neutral
1231597669723889664,Neutral
1231534811040407552,Neutral
1231483173579771904,Neutral
1231358499621306368,Neutral
1231218032535621632,Neutral
1231205681891618816,Neutral
1231202591092170752,Neutral
1231201089686528000,Neutral
1230477549823758336,Neutral
1229886185151090688,Neutral
1229870460126613504,Neutral
1229865643052347392,Negative
1229725285785972736,Positive
1228260039753859072,Neutral
1228060624523059200,Neutral
1227960078994726912,Neutral
1227682091724353536,Neutral
1227603119221215232,Neutral
1227564022096179200,Neutral
1227558134241284096,Neutral
1227344437648510976,Neutral
1227335296578203648,Neutral
1227333862965022720,Positive
1227224857903017984,Positive
1223232301179469824,Negative
1222444288744861696,Neutral
1221957657336209408,Negative
1221780487972192256,Neutral
1221739410972184576,Neutral
1221688370759380992,Neutral
1221686982943879168,Neutral
1221618579864530944,Neutral
1221577481523810304,Neutral
1221547815761076224,Neutral
1221511526319828992,Neutral
1221503307899973632,Neutral
1221502058550960128,Neutral
1221498928316723200,Neutral
1221484511281795072,Neutral
1221481387976548352,Neutral
1221471734664257536,Neutral
1221460400560070656,Neutral
1221459209084178432,Neutral
1221458754270629888,Neutral
1221458665795997696,Neutral
1221457530058104832,Neutral
1221457401662124032,Neutral
1221455999556628480,Neutral
1221455548442456064,Neutral
1221170115045220352,Neutral
1219940609500307456,Positive
1219929176842625024,Positive
1217766902405238784,Neutral
1217115158595678208,Neutral
1216865191582949376,Negative
1214844706062028800,Neutral
1213943556500574208,Neutral
1213390570460188672,Neutral
1212690347840671744,Neutral
1212685103337496576,Neutral
1212656851554373632,Neutral
1212646326967717888,Neutral
1212490430618755072,Neutral
1212452764535676928,Neutral
1212331879199846400,Neutral
1212300258606297088,Neutral
1212297488629145600,Neutral
1212166773870669824,Neutral
1212156660472528896,Neutral
1212146948272271360,Neutral
1212143966491160576,Neutral
1212139481425424384,Neutral
1212133515803971584,Neutral
1212122191061495808,Neutral
1212109934722244608,Neutral
1212103964608647168,Neutral
1212085845693542400,Neutral
1212083553770622976,Neutral
1212077139232772096,Neutral
1212060274032828416,Neutral
1212040272386953216,Neutral
1212038666186567680,Neutral
1212011414195441664,Neutral
1212010739512283136,Neutral
1212009140903718912,Neutral
1212002947439235072,Neutral
1212002866111680512,Neutral
1212002436128346112,Neutral
1211994877694750720,Neutral
1211990623823286272,Neutral
1211990428649738240,Neutral
1211990119231737856,Neutral
1211984500923785216,Neutral
1211981160940748800,Neutral
1211973454238560256,Neutral
1211970231280840704,Neutral
1211969814555693056,Neutral
1211967249432625152,Neutral
1211965788397211648,Neutral
1211964764026556416,Neutral
1211964492231430144,Neutral
1211960967388639232,Neutral
1211957942032969728,Neutral
1211957652118548480,Neutral
1211954195672289280,Neutral
1211951925253607424,Neutral
1211947654000848896,Neutral
1211944729455288320,Neutral
1211944050917617664,Neutral
1211942377805484032,Neutral
1211942339029196800,Neutral
1211941053940539392,Neutral
1211932540275167232,Neutral
1211931781458530304,Neutral
1211931463987408896,Neutral
1211931020192288768,Neutral
1211930723604668416,Neutral
1211930325619793920,Neutral
1211928756937482240,Neutral
1211928037941530624,Neutral
1211927621019357184,Neutral
1211925338915319808,Neutral
1211923520340537344,Neutral
1211923057843081216,Neutral
1211922487086325760,Neutral
1211920400608825344,Neutral
1211919284630372352,Neutral
1211909101447471104,Neutral
1211897843541270528,Neutral
1211897073307705344,Neutral
1211891385533636608,Neutral
1211886094578528256,Neutral
1211885754881859584,Neutral
1211869031176843264,Neutral
1211859842345979904,Neutral
1211857457896669184,Neutral
1211845647768457216,Neutral
1211813783900971008,Neutral
1211813672009502720,Neutral
1211799449544122368,Neutral
1211790625428967424,Neutral
1211785239254753280,Neutral
1211781216627757056,Neutral
1211779037254881280,Neutral
1211776123673206784,Neutral
1211772830758686720,Neutral
1211771854215696384,Neutral
1211771327570423808,Neutral
1211766820363001856,Neutral
1211764590276698112,Neutral
1211764525915148288,Neutral
1211762760234745856,Neutral
1211761414190325760,Neutral
1211759863279374336,Neutral
1211757919361998848,Neutral
1211757726646358016,Neutral
1211752802814443520,Neutral
1211752242564534272,Neutral
1211749501305835520,Neutral
1211749264172474368,Neutral
1211749072803115008,Neutral
1211748825246900224,Neutral
1211747929909841920,Neutral
1211745157026062336,Neutral
1211743511365767168,Neutral
1211741021022887936,Neutral
1211738313650032640,Neutral
1211737775143301120,Neutral
1211734614777180160,Neutral
1211734542874222592,Neutral
1211732872555565056,Neutral
1211732640748974080,Neutral
1211731426841964544,Neutral
1211728784614969344,Neutral
1211728392636293120,Neutral
1211725216356978688,Neutral
1211724758888398848,Neutral
1211723989665619968,Neutral
1211723846983782400,Neutral
1211723769082974208,Neutral
1211719175770660864,Neutral
1211719035030818816,Neutral
1211718881443794944,Neutral
1211717848902582272,Neutral
1211717002076807168,Neutral
1211715481444454400,Neutral
1211712783349403648,Neutral
1211711651281551360,Neutral
1211709552963534848,Neutral
1211708871372427264,Neutral
1211707771537829888,Neutral
1211706757065641984,Neutral
1211705305949757440,Neutral
1211705000826724352,Neutral
1211704508692258816,Neutral
1211704011759456256,Neutral
1211700681498923008,Neutral
1211700032912707584,Neutral
1211700005863604224,Neutral
1211699830864646144,Neutral
1211699329578291200,Neutral
1211696863063220224,Neutral
1211695871663988736,Neutral
1211694788308852736,Neutral
1211691710838951936,Neutral
1211691373671469056,Neutral
1211691034591342592,Neutral
1211690208107909120,Neutral
1211688055750451200,Neutral
1211686113510854656,Neutral
1211685560638693376,Neutral
1211685537091923968,Neutral
1211684599757185024,Neutral
1211684510028509184,Neutral
1211684461244551168,Neutral
1211683794773794816,Neutral
1211683729879384064,Neutral
1211683069033406464,Neutral
1211681971778342912,Neutral
1211680796177764352,Neutral
1211680714778959872,Neutral
1211680650572505088,Neutral
1211679991538290688,Neutral
1211679486808350720,Neutral
1210250955209531392,Neutral
1210175208805535744,Negative
1210148441562796032,Neutral
1210148205423411200,Neutral
1209577720482533376,Neutral
1208357799962562560,Neutral
1208216149810434048,Neutral
1207985326129631232,Neutral
1207981821667004416,Neutral
1207952999693336576,Neutral
1207950040372850688,Neutral
1207941514715914240,Neutral
1207931159889530880,Neutral
1207905581459222528,Neutral
1207817825051537408,Neutral
1207802405318012928,Neutral
1207788268290531328,Neutral
1207782047936331776,Neutral
1207781660118388736,Neutral
1207781503117213696,Neutral
1207781435672846336,Neutral
1207781253086404608,Neutral
1207776225550372864,Neutral
1207773055738679296,Neutral
1207772501197107200,Neutral
1207771825448636416,Neutral
1207769996379795456,Neutral
1207756047169064960,Neutral
1207749577551601664,Neutral
1207737752349028352,Neutral
1207737565798895616,Neutral
1207732060263202816,Neutral
1207730104702554112,Neutral
1207728966578163712,Neutral
1207728277202313216,Neutral
1207727265003581440,Neutral
1207718434924089344,Neutral
1207717945696292864,Neutral
1207717693597605888,Neutral
1207715150284890112,Neutral
1207714715532713984,Neutral
1207712856290086912,Neutral
1207706856854040576,Neutral
1207706327029571584,Neutral
1207698855824887808,Neutral
1207697317362622464,Neutral
1207697272156434432,Neutral
1207696685553594368,Neutral
1207694814990475264,Neutral
1207692827842482176,Neutral
1207690660297478144,Neutral
1207689196388995072,Neutral
1207688953266147328,Neutral
1207688891760820224,Neutral
1207688463388160000,Neutral
1207688394194722816,Neutral
1207688276347379712,Neutral
1207368904127008768,Neutral
1199099837570048000,Neutral
1198929356753641472,Neutral
1196740581378142208,Neutral
1196083420058865664,Neutral
1196073647955423232,Negative
1193756645257555968,Negative
1192825957360508928,Negative
1189514274642825216,Negative
1189197450919272448,Neutral
1189110370234970112,Neutral
1189098591257792512,Neutral
1189091072695255040,Neutral
1189086722241507328,Neutral
1189079727514046464,Negative
1188981707820748800,Neutral
1188950686253207552,Neutral
1188950113575673856,Neutral
1188946461192544256,Neutral
1188931073041948672,Neutral
1188915931071864832,Neutral
1188912302281646080,Neutral
1188908168161742848,Neutral
1188906947665420288,Neutral
1188899251469934592,Neutral
1188898058924429312,Neutral
1188893736991936512,Neutral
1188892254053847040,Neutral
1188890721190895616,Neutral
1188889546911551488,Neutral
1188888226112643072,Neutral
1188887337574567936,Neutral
1188018832335613952,Neutral
1187661861262712832,Negative
1186696837966827520,Positive
1186680576490790912,Positive
1186584216043249664,Neutral
1186571939197997056,Positive
1186563651664334848,Positive
1186411472580153344,Neutral
1186380463797088256,Neutral
1186280663739228160,Neutral
1186230031787462656,Neutral
1186212721769041920,Neutral
1186209290488631296,Neutral
1186209172033028096,Neutral
1186203368865370112,Neutral
1186197561134211072,Neutral
1186193465136308224,Neutral
1186181245253885952,Neutral
1186179570099277824,Neutral
1186170280756023296,Neutral
1186167992897429504,Neutral
1186151588366290944,Neutral
1186024186583683072,Neutral
1186021573070901248,Neutral
1186016518951329792,Neutral
1186010566709653504,Neutral
1186001569172602880,Neutral
1186001281527234560,Neutral
1186000033331798016,Neutral
1185999725201416192,Neutral
1185999455176265728,Neutral
1185998182968373248,Neutral
1185998118850088960,Neutral
1185998034108329984,Neutral
1185997946661359616,Neutral
1185839793458077696,Neutral
1185830130062675968,Neutral
1185205152937963520,Neutral
1185197621859799040,Neutral
1185128651068727296,Neutral
1185126803536601088,Neutral
1185125866092793856,Neutral
1185119455615082496,Neutral
1185106807620026368,Neutral
1185104031137619968,Neutral
1185099447493103616,Neutral
1185094558503374848,Neutral
1185093004169797632,Neutral
1184942495706370048,Neutral
1184918436742348800,Neutral
1184785978243895296,Neutral
1184764681719820288,Neutral
1184758258931765248,Neutral
1184754671900073984,Neutral
1184745498516873216,Neutral
1184745086694895616,Neutral
1184741970280964096,Neutral
1184740809372909568,Neutral
1184732072780406784,Neutral
1184730872681041920,Neutral
1184727550691545088,Neutral
1184727489685458944,Neutral
1184726702112591872,Neutral
1184726398759526400,Neutral
1184726384289239040,Neutral
1184726090465632256,Neutral
1184725864577191936,Neutral
1184340047224549376,Neutral
1184217372049268736,Neutral
1184199544369750016,Neutral
1183835397371170816,Neutral
1183807085592662016,Neutral
1183804882169614336,Neutral
1183804792688304128,Neutral
1183789712441565184,Neutral
1183741789028704256,Neutral
1183736355769241600,Neutral
1183706076614725632,Neutral
1183677756024016896,Neutral
1183665650801299456,Neutral
1183660321925451776,Neutral
1183649758541471744,Neutral
1183636446319644672,Neutral
1183630103772909568,Neutral
1183623257762811904,Neutral
1183620827905957888,Neutral
1183617893315031040,Neutral
1183579959941402624,Neutral
1183519291662045184,Neutral
1183506972332699648,Neutral
1183503823320563712,Neutral
1183502589301841920,Neutral
1183502381226582016,Neutral
1183478110379008000,Neutral
1183477873094598656,Neutral
1183477583830306816,Neutral
1183474909508444160,Neutral
1183472511029264384,Neutral
1183467300571271168,Neutral
1183459700823736320,Neutral
1183453696614633472,Neutral
1183450987018801152,Neutral
1183450949362339840,Neutral
1183450482087464960,Neutral
1183376668636921856,Neutral
1183363172134199296,Positive
1183345400360636416,Neutral
1183344893030260736,Neutral
1183267061579091968,Neutral
1183149886918811648,Neutral
1183138658620186624,Positive
1183121388229537792,Neutral
1183114745890705408,Neutral
1183113872519106560,Neutral
1183113826549616640,Neutral
1183112944562966528,Neutral
1183106320834146304,Neutral
1183104219903070208,Neutral
1183101509539696640,Neutral
1183095820851339264,Neutral
1183091542090756096,Neutral
1183080766017855488,Neutral
1183080141754458112,Neutral
1183074084957097984,Neutral
1183073681515433984,Neutral
1183072062560182272,Neutral
1183071254439432192,Neutral
1183071033982623744,Neutral
1183070202357002240,Neutral
1183069956914565120,Neutral
1183051429881241600,Neutral
1183049397996785664,Neutral
1183041088380116992,Neutral
1183031652504756224,Neutral
1183001541512515584,Positive
1182982326806106112,Positive
1182954890043285504,Positive
1182903355473051648,Neutral
1182780293687721984,Neutral
1182771420209778688,Neutral
1182770084865040384,Neutral
1182761962826031104,Neutral
1182761815467581440,Neutral
1182760414670655488,Neutral
1182754373958393856,Neutral
1182752337015771136,Neutral
1182742277573304320,Neutral
1182741390708621312,Neutral
1182740387921891328,Neutral
1182739348523044864,Neutral
1182735496885231616,Neutral
1182734767692926976,Neutral
1182732177953427456,Neutral
1182727189877403648,Neutral
1182725130725789696,Neutral
1182197540692865024,Neutral
1181864336253444096,Neutral
1181652022136905728,Neutral
1181643342125420544,Neutral
1181630045426728960,Neutral
1181626430339330048,Neutral
1181622193890963456,Neutral
1181619681590988800,Neutral
1181617060834615296,Neutral
1181554318316593152,Neutral
1181552821893812224,Neutral
1181544155132125184,Neutral
1181542950796435456,Neutral
1181541331803541504,Neutral
1181536157399691264,Neutral
1181535574798323712,Neutral
1181535460318793728,Neutral
1181524891775971328,Neutral
1181511518032142336,Neutral
1181507416481026048,Neutral
1181491235707596800,Neutral
1181485539930902528,Neutral
1181483922284261376,Neutral
1181472435360686080,Neutral
1181460736050188288,Neutral
1181458326816772096,Neutral
1181456621786017792,Neutral
1181453849598595072,Neutral
1181450746115559424,Neutral
1181449426591784960,Neutral
1181448975804698624,Neutral
1181445851455148032,Neutral
1181443534525734912,Neutral
1181442648223223808,Neutral
1181438910234349568,Neutral
1181344613405212672,Neutral
1181336636577239040,Neutral
1181336065187168256,Neutral
1181333567617605632,Neutral
1181331636228632576,Neutral
1181330291501096960,Neutral
1181329784162455552,Neutral
1181326390064496640,Neutral
1181324980304404480,Neutral
1181320905760415744,Neutral
1181320746905284608,Neutral
1181319056244248576,Neutral
1181316093308211200,Neutral
1181315314811887616,Neutral
1181314616334401536,Neutral
1181314224527740928,Neutral
1181312770605768704,Neutral
1181309521362329600,Neutral
1181306132352110592,Neutral
1181301125313650688,Neutral
1181300688745385984,Neutral
1181300043812409344,Neutral
1181299476176220160,Neutral
1181298627882434560,Neutral
1181295497841131520,Neutral
1181294819093745664,Neutral
1181294438741663744,Neutral
1181286549654298624,Neutral
1180849154865668096,Neutral
1180833931341549568,Neutral
1180800508057079808,Neutral
1180770545207578624,Neutral
1180753279422259200,Neutral
1180752038243766272,Neutral
1180747394301997056,Neutral
1180586437399306240,Neutral
1180577022856351744,Neutral
1180565867249184768,Neutral
1180556145771106304,Neutral
1180553103130726400,Neutral
1180552061542375424,Neutral
1180551722705571840,Neutral
1180550867650596864,Neutral
